PlayerID,FirstName,LastName,DateofBirth,Nationality,Height,Weight,TeamID,PositionID
200,Ronald,Lam,3/22/1994,Spain,184,98,1.0,1.0
930,Kurt,Medina,12/20/1993,Australia,176,92,1.0,1.0
694,Austin,Cortez,4/12/1985,Canada,184,109,1.0,2.0
799,Bobby,Johnson,8/21/1989,Argentina,202,100,1.0,2.0
875,Jesse,Turner,5/7/1984,France,200,85,1.0,2.0
579,Jason,Terry,2/16/1990,Australia,192,110,1.0,3.0
825,Tiffany,Koch,7/8/1980,Canada,188,88,1.0,3.0
925,Elizabeth,Underwood,9/6/1983,Canada,186,88,1.0,3.0
491,Melissa,Simon,8/16/1983,England,173,101,1.0,4.0
175,Anita,Mitchell,7/25/1990,Australia,192,104,1.0,4.0
210,Robert,Vance,4/1/1992,Australia,198,90,1.0,4.0
282,Mark,Sanders,3/6/1989,Canada,189,90,1.0,5.0
60,Denise,Shields,2/25/1993,Italy,178,81,1.0,5.0
465,Hannah,Edwards,3/7/1984,Germany,189,100,1.0,5.0
849,William,Gray,1/15/1982,Canada,187,97,1.0,6.0
77,Lisa,Johnson,11/18/1988,France,209,78,1.0,6.0
412,Eric,Diaz,11/22/1980,Canada,209,91,1.0,6.0
216,Shannon,Bryant,10/19/1983,Argentina,195,102,2.0,1.0
108,Donald,Castillo,5/20/1994,Canada,206,93,2.0,1.0
738,Michelle,Foster,11/14/1996,Argentina,201,92,2.0,2.0
406,Melissa,Hoover,11/15/1981,Germany,182,99,2.0,2.0
559,Elizabeth,Brewer,5/1/1989,Germany,210,93,2.0,2.0
364,Katherine,Bryan,12/15/1988,Germany,182,105,2.0,3.0
211,Joel,Hoffman,8/30/1986,Spain,180,91,2.0,3.0
24,Tiffany,Brandt,5/5/1988,England,193,83,2.0,3.0
605,Laura,Meyer,8/5/1982,Germany,179,83,2.0,4.0
526,Katherine,Riley,10/9/1994,Italy,184,78,2.0,4.0
458,Mark,Molina,8/23/1984,Brazil,181,84,2.0,4.0
619,Dylan,Day,3/2/1982,France,173,95,2.0,5.0
31,Leslie,Dorsey,8/9/1993,Canada,182,82,2.0,5.0
851,Roberta,Ward,5/25/1992,Italy,181,81,2.0,5.0
758,Karen,Mata,4/7/1994,England,174,82,2.0,6.0
712,Paula,Powell,8/26/1993,Italy,198,78,2.0,6.0
232,Antonio,Simpson,3/29/1995,Spain,204,96,2.0,6.0
68,Alexis,Lee,1/27/1979,Spain,176,97,3.0,1.0
137,Laura,Allen,8/14/1987,Australia,181,100,3.0,1.0
295,Charles,Fields,8/8/1980,Argentina,177,93,3.0,2.0
140,Christine,Marks,3/30/1980,France,179,105,3.0,2.0
621,Henry,Thompson,1/21/1992,Argentina,192,94,3.0,2.0
717,Brittany,Franklin,4/19/1981,Canada,188,108,3.0,3.0
40,Adam,Arias,4/12/1983,Spain,181,79,3.0,3.0
332,Natasha,Gregory,12/16/1987,Germany,209,83,3.0,3.0
267,Alexandra,Williams,6/6/1991,Australia,181,78,3.0,4.0
483,Dawn,Mata,2/5/1990,Australia,197,89,3.0,4.0
87,Victor,Dean,1/17/1987,Australia,179,77,3.0,4.0
313,Gerald,Eaton,5/25/1988,Italy,196,89,3.0,5.0
568,Nicole,Evans,1/10/1993,Spain,174,104,3.0,5.0
260,Debbie,Ward,10/29/1986,Brazil,176,102,3.0,5.0
71,Melissa,Lucas,1/19/1990,Germany,185,99,3.0,6.0
166,Jennifer,Adams,12/17/1979,France,202,106,3.0,6.0
731,Sarah,Mccall,1/31/1994,Canada,193,85,3.0,6.0
97,Stacey,Smith,2/27/1991,Canada,189,106,4.0,1.0
281,Jessica,Williams,3/4/1987,France,193,109,4.0,1.0
870,Kristin,Miller,3/15/1985,Italy,179,80,4.0,2.0
372,Douglas,Bradley,2/1/1996,England,199,109,4.0,2.0
637,Joseph,Williams,9/22/1985,Germany,204,109,4.0,2.0
784,Jeanette,Wise,1/4/1981,France,183,102,4.0,3.0
622,Kelly,Davidson,10/28/1991,Spain,174,97,4.0,3.0
865,Lori,Ray,11/26/1993,France,177,77,4.0,3.0
381,Andrew,Smith,5/28/1990,Argentina,200,103,4.0,4.0
382,Patrick,Pearson,8/11/1984,Brazil,207,77,4.0,4.0
454,Matthew,Walker,11/25/1986,Germany,199,90,4.0,4.0
389,Christopher,Garcia,3/26/1993,France,181,104,4.0,5.0
571,Billy,Perez,1/14/1992,Brazil,195,105,4.0,5.0
199,Kaitlin,Powell,5/3/1984,Germany,174,106,4.0,5.0
64,Louis,White,1/16/1981,Canada,194,102,4.0,6.0
787,Renee,Berg,2/1/1988,Spain,194,100,4.0,6.0
347,Robert,Brown,10/11/1981,France,209,110,4.0,6.0
658,Ronald,Allen,7/8/1985,England,208,104,5.0,1.0
311,Christopher,Burgess,11/7/1996,Brazil,198,107,5.0,1.0
443,Paige,Carson,8/13/1994,Brazil,187,93,5.0,2.0
335,Teresa,Baker,11/1/1994,England,174,76,5.0,2.0
89,Michael,Thornton,2/27/1983,Germany,203,95,5.0,2.0
251,Janice,Ray,6/28/1995,Brazil,172,93,5.0,3.0
478,Jeffrey,Banks,6/2/1989,Germany,194,84,5.0,3.0
936,Kyle,Montgomery,4/11/1984,Spain,185,93,5.0,3.0
657,Alexander,Rivera,9/19/1983,England,210,85,5.0,4.0
441,Melissa,Armstrong,9/16/1988,France,202,103,5.0,4.0
262,Jamie,Jones,7/1/1981,England,188,80,5.0,4.0
507,Margaret,Brown,2/18/1985,Italy,209,107,5.0,5.0
683,Roy,Wells,11/2/1996,Spain,190,86,5.0,5.0
542,Mary,Barnett,9/29/1984,Argentina,206,101,5.0,5.0
901,Tracy,Armstrong,8/3/1989,Spain,195,108,5.0,6.0
856,Bradley,Price,12/16/1993,France,191,100,5.0,6.0
760,Eugene,Diaz,5/4/1988,Argentina,186,99,5.0,6.0
830,Jeffrey,Johnson,4/16/1989,Brazil,198,95,6.0,1.0
659,Shannon,Kim,9/27/1992,Canada,194,107,6.0,1.0
831,Charlene,Richards,7/27/1983,Germany,192,93,6.0,2.0
169,Susan,Terrell,5/7/1984,Brazil,207,75,6.0,2.0
670,Margaret,Watkins,1/15/1987,Spain,184,91,6.0,2.0
808,Angela,Turner,6/12/1991,Canada,201,79,6.0,3.0
531,Kellie,Robles,3/14/1991,Argentina,204,94,6.0,3.0
514,Carolyn,Evans,4/19/1984,France,192,108,6.0,3.0
345,Christopher,Wright,10/21/1984,Argentina,174,77,6.0,4.0
343,Hailey,Johnson,4/29/1980,Italy,188,109,6.0,4.0
890,Daniel,Barton,2/10/1995,Brazil,181,106,6.0,4.0
73,Ryan,Rogers,9/18/1984,Australia,207,103,6.0,5.0
543,Jaime,Gomez,7/26/1987,Brazil,205,90,6.0,5.0
45,Anne,Brown,8/6/1985,Italy,174,77,6.0,5.0
946,Keith,Frazier,5/10/1992,Australia,192,105,6.0,6.0
413,Troy,Edwards,2/10/1979,Argentina,202,78,6.0,6.0
597,Laura,Shaw,3/2/1979,Argentina,197,86,6.0,6.0
248,Nathan,Phelps,4/18/1991,Italy,189,93,7.0,1.0
878,Curtis,Harrison,10/5/1980,Australia,178,96,7.0,1.0
266,Amy,Jackson,11/6/1984,Italy,185,109,7.0,2.0
913,Gregory,Ferguson,12/13/1996,France,198,87,7.0,2.0
214,Jason,Kaiser,9/5/1979,Germany,176,107,7.0,2.0
297,Benjamin,Lee,2/17/1987,France,210,83,7.0,3.0
482,Timothy,Ramos,1/16/1981,France,195,105,7.0,3.0
317,Barbara,Patterson,11/29/1979,Germany,184,80,7.0,3.0
320,Dana,Thomas,12/29/1987,Canada,173,80,7.0,4.0
715,Brooke,Lane,6/18/1988,Canada,185,109,7.0,4.0
121,Michael,Russell,5/1/1993,Australia,187,110,7.0,4.0
352,Elizabeth,Fisher,12/18/1989,Canada,206,78,7.0,5.0
862,Jaime,Shepard,8/22/1985,Canada,199,103,7.0,5.0
736,David,Mills,2/9/1982,Argentina,181,81,7.0,5.0
733,Ashley,Guzman,5/12/1985,France,187,109,7.0,6.0
893,Ronald,Romero,8/12/1996,Australia,187,97,7.0,6.0
310,Tamara,Wells,1/17/1986,Brazil,195,75,7.0,6.0
449,Jennifer,Smith,1/25/1993,Australia,197,91,8.0,1.0
61,Robert,Clark,12/20/1996,Argentina,190,98,8.0,1.0
287,Jake,Moore,7/23/1986,Germany,203,91,8.0,2.0
839,Debra,Gutierrez,1/24/1990,Germany,172,78,8.0,2.0
820,Nicholas,Wallace,3/21/1981,Canada,204,90,8.0,2.0
219,Calvin,Smith,11/29/1984,England,177,86,8.0,3.0
573,Arthur,Nunez,3/31/1995,Australia,183,77,8.0,3.0
431,Audrey,Mccall,5/23/1984,England,180,109,8.0,3.0
67,Shelly,Martinez,6/17/1990,Canada,209,106,8.0,4.0
360,Jermaine,Edwards,2/13/1987,Argentina,199,85,8.0,4.0
721,Amanda,Gonzalez,10/30/1987,Germany,181,94,8.0,4.0
529,Heather,Martin,4/25/1990,Argentina,177,86,8.0,5.0
468,Bruce,Lara,3/24/1990,France,180,87,8.0,5.0
583,Joshua,Brown,10/8/1986,Australia,175,76,8.0,5.0
479,Samuel,Mullins,4/30/1983,Italy,202,91,8.0,6.0
111,Seth,Serrano,4/9/1986,Spain,192,89,8.0,6.0
766,Matthew,Lee,4/29/1990,Canada,192,100,8.0,6.0
434,David,Jones,4/30/1994,England,195,84,9.0,1.0
303,Mark,Olson,12/6/1993,Australia,183,86,9.0,1.0
906,Joanne,Anderson,4/26/1985,Spain,199,85,9.0,2.0
209,Timothy,Park,1/6/1991,Italy,193,91,9.0,2.0
614,David,Hall,12/29/1985,France,186,87,9.0,2.0
362,Melanie,Young,3/14/1982,France,208,104,9.0,3.0
818,Amanda,Jackson,5/16/1990,Canada,201,106,9.0,3.0
595,Adam,Parks,12/8/1996,Germany,203,100,9.0,3.0
668,Lori,Cobb,12/27/1992,Australia,196,92,9.0,4.0
594,Jacob,Wright,7/30/1991,Canada,185,78,9.0,4.0
138,Nathan,Mcpherson,7/23/1981,Germany,197,93,9.0,4.0
319,Zachary,Myers,2/25/1988,Argentina,176,86,9.0,5.0
681,Michael,Watson,10/7/1990,Brazil,203,99,9.0,5.0
334,Timothy,Cross,3/27/1987,Argentina,210,85,9.0,5.0
713,Angela,Hurst,1/13/1981,Italy,189,107,9.0,6.0
193,Mike,Anderson,4/18/1996,Argentina,201,93,9.0,6.0
527,Philip,Wells,8/9/1991,Brazil,201,90,9.0,6.0
159,Wendy,Bailey,10/15/1989,Italy,197,83,10.0,1.0
592,Lindsey,Cameron,12/7/1984,England,200,108,10.0,1.0
689,Dustin,Smith,10/27/1985,Canada,180,102,10.0,2.0
312,George,Gonzalez,4/5/1987,Brazil,182,102,10.0,2.0
79,Tiffany,Edwards,5/21/1993,Canada,193,78,10.0,2.0
236,Michaela,Bean,2/3/1992,Italy,198,89,10.0,3.0
900,Joel,Wilson,11/21/1980,France,177,89,10.0,3.0
524,Laura,Benton,9/25/1981,Canada,173,84,10.0,3.0
824,Tiffany,Jackson,4/15/1980,Australia,180,97,10.0,4.0
612,Daniel,Gutierrez,12/6/1979,USA,180,98,10.0,4.0
533,Christopher,Davis,1/28/1982,Italy,204,100,10.0,4.0
418,Stephen,Barton,7/23/1989,Italy,197,90,10.0,5.0
66,Debbie,Burgess,10/12/1980,France,195,84,10.0,5.0
142,Diana,Scott,9/7/1993,Brazil,199,105,10.0,5.0
894,Donald,Graham,9/23/1980,Argentina,200,101,10.0,6.0
358,Taylor,Craig,12/20/1996,Argentina,198,77,10.0,6.0
781,Victor,Young,3/31/1984,England,208,75,10.0,6.0
744,Phillip,Wagner,5/3/1994,France,181,100,11.0,1.0
688,Julie,Hayes,10/18/1992,Brazil,204,87,11.0,1.0
356,Kerry,Rogers,7/7/1985,USA,180,91,11.0,2.0
879,John,Glover,5/2/1983,Spain,205,88,11.0,2.0
315,Alexandra,Anderson,2/27/1995,Italy,194,96,11.0,2.0
588,Victoria,Joyce,12/27/1985,Germany,207,98,11.0,3.0
50,Cynthia,Cole,9/9/1992,Brazil,194,87,11.0,3.0
693,Travis,Johnson,1/11/1994,Italy,191,79,11.0,3.0
821,Gregory,Jordan,1/14/1982,Canada,205,100,11.0,4.0
750,Kelly,Price,7/26/1987,Argentina,207,110,11.0,4.0
858,Crystal,Garcia,3/28/1979,England,199,85,11.0,4.0
502,Joshua,Meyer,9/16/1990,Australia,190,95,11.0,5.0
929,James,Hansen,12/17/1983,Argentina,209,108,11.0,5.0
945,Barbara,Beasley,12/26/1991,Germany,206,92,11.0,5.0
788,Kimberly,Clark,10/13/1980,Italy,174,77,11.0,6.0
599,Tracy,Cain,10/17/1989,Germany,203,81,11.0,6.0
34,Raven,Jimenez,7/15/1994,Italy,176,104,11.0,6.0
32,Joseph,Williams,11/23/1981,England,185,104,12.0,1.0
711,Lawrence,Cobb,8/16/1996,Italy,197,75,12.0,1.0
299,Courtney,Hall,1/19/1983,USA,187,99,12.0,2.0
937,Lorraine,Garza,7/20/1980,France,172,103,12.0,2.0
291,Jo,Wilson,2/26/1982,Brazil,176,88,12.0,2.0
545,Mario,White,6/4/1982,England,192,98,12.0,3.0
276,John,Hunter,9/6/1981,USA,208,106,12.0,3.0
110,Paul,Gordon,3/12/1993,Germany,178,94,12.0,3.0
78,Carrie,Rojas,2/25/1986,Germany,187,86,12.0,4.0
706,Joshua,Olson,12/18/1993,Argentina,188,78,12.0,4.0
785,Heidi,Young,10/2/1996,USA,182,94,12.0,4.0
83,Kristina,Jackson,11/7/1992,Spain,174,93,12.0,5.0
616,Heidi,Dawson,3/22/1984,Canada,190,92,12.0,5.0
741,Debra,Lee,1/3/1982,Spain,185,99,12.0,5.0
912,Michelle,Ray,6/23/1984,Germany,180,76,12.0,6.0
353,Eric,Martinez,10/14/1996,Italy,182,92,12.0,6.0
3,Donald,Sanchez,1/1/1985,England,175,87,12.0,6.0
102,Jennifer,Robertson,2/5/1981,Argentina,174,82,13.0,1.0
752,Peter,Davis,9/19/1996,Germany,182,92,13.0,1.0
429,Kellie,Murillo,2/12/1990,Canada,188,80,13.0,2.0
539,Lynn,Wilcox,4/18/1982,Brazil,183,90,13.0,2.0
6,Joseph,Scott,2/8/1986,Germany,172,102,13.0,2.0
55,Valerie,Jackson,10/30/1983,Argentina,176,106,13.0,3.0
469,Anthony,Gilbert,3/6/1988,Germany,175,104,13.0,3.0
829,Leonard,Roberts,2/5/1982,Argentina,208,76,13.0,3.0
515,Lauren,Jones,11/8/1982,Argentina,208,95,13.0,4.0
665,Nicholas,Brady,10/31/1983,France,176,105,13.0,4.0
98,Edward,Price,7/3/1989,England,186,96,13.0,4.0
255,Christopher,Meadows,12/30/1987,Spain,175,87,13.0,5.0
383,Derek,Elliott,8/22/1994,Germany,187,110,13.0,5.0
500,Sherry,Parker,8/6/1990,Argentina,208,81,13.0,5.0
606,Barbara,Rasmussen,2/13/1983,Italy,207,103,13.0,6.0
911,Connie,Rodriguez,3/17/1983,USA,176,85,13.0,6.0
498,Matthew,Kennedy,3/21/1996,Argentina,185,98,13.0,6.0
696,Gerald,Terry,10/10/1982,USA,182,99,14.0,1.0
826,Diana,Kennedy,10/7/1989,England,189,83,14.0,1.0
26,Wendy,Howell,11/19/1990,England,188,98,14.0,2.0
85,Sean,Grant,1/16/1984,Spain,186,94,14.0,2.0
11,Zachary,Adams,12/28/1980,Canada,195,93,14.0,2.0
589,Rebecca,Gonzales,10/2/1991,Italy,205,100,14.0,3.0
854,Douglas,Moran,5/10/1990,Canada,203,101,14.0,3.0
409,Trevor,Tyler,11/12/1996,Spain,190,81,14.0,3.0
804,Nicole,Schaefer,4/3/1980,Germany,200,88,14.0,4.0
600,John,Smith,5/25/1995,France,179,80,14.0,4.0
445,Megan,Rogers,10/6/1991,Canada,196,83,14.0,4.0
119,Connie,Stokes,1/13/1990,Germany,193,106,14.0,5.0
327,Jennifer,Kent,10/23/1996,Australia,198,87,14.0,5.0
546,Jennifer,Conrad,11/11/1981,Australia,180,88,14.0,5.0
30,Dustin,Howard,6/24/1981,USA,176,94,14.0,6.0
56,Monica,Powell,5/5/1986,Canada,191,82,14.0,6.0
631,Maria,Lewis,10/13/1984,USA,177,86,14.0,6.0
328,Ana,Allen,8/24/1982,Argentina,202,90,15.0,1.0
629,David,Horton,4/1/1986,England,200,99,15.0,1.0
457,David,Goodwin,2/26/1996,USA,199,79,15.0,2.0
197,Keith,Gonzalez,2/18/1981,France,203,103,15.0,2.0
698,James,Miller,10/25/1985,Spain,210,101,15.0,2.0
82,Gabriel,Ortiz,7/24/1989,Brazil,180,109,15.0,3.0
848,William,Sanchez,8/7/1981,Australia,196,90,15.0,3.0
424,Carrie,Green,9/28/1987,England,194,100,15.0,3.0
590,Adam,Martinez,6/30/1989,Brazil,181,109,15.0,4.0
306,Michael,Espinoza,6/2/1988,Italy,196,99,15.0,4.0
835,Richard,Chapman,10/5/1990,France,197,84,15.0,4.0
240,Brianna,Gibson,4/18/1992,Spain,186,80,15.0,5.0
261,Bryan,Gould,4/2/1979,Australia,187,89,15.0,5.0
205,Kimberly,Garcia,8/30/1979,Italy,208,103,15.0,5.0
212,Roberta,Cortez,9/16/1994,Italy,182,80,15.0,6.0
245,Joseph,Bell,12/6/1993,Brazil,182,110,15.0,6.0
576,Alyssa,Cochran,3/21/1985,Spain,180,75,15.0,6.0
907,Laura,Henderson,11/19/1982,Germany,193,78,16.0,1.0
322,Angela,Jordan,6/27/1992,Brazil,179,99,16.0,1.0
948,Melissa,Hooper,9/16/1982,Australia,210,99,16.0,2.0
228,Philip,Curtis,2/1/1979,Australia,194,100,16.0,2.0
814,Anthony,Kelly,7/10/1991,Canada,189,95,16.0,2.0
656,Adam,Bennett,2/6/1988,Australia,195,107,16.0,3.0
759,Pamela,Clayton,3/19/1993,USA,189,75,16.0,3.0
448,Daniel,Sanders,6/22/1993,Canada,187,77,16.0,3.0
351,Monica,Brown,11/10/1985,Spain,207,75,16.0,4.0
324,Angela,Welch,4/23/1980,Argentina,186,103,16.0,4.0
437,Erica,Medina,10/8/1989,Italy,186,78,16.0,4.0
378,Timothy,Moss,6/25/1981,Spain,175,102,16.0,5.0
329,Justin,Reed,9/15/1986,Germany,181,85,16.0,5.0
8,Devon,Clark,11/19/1979,Germany,192,100,16.0,5.0
156,Christine,Hill,3/30/1980,Canada,188,89,16.0,6.0
520,Zachary,Moore,2/5/1984,Canada,207,80,16.0,6.0
430,Paul,Murphy,12/5/1984,Germany,210,89,16.0,6.0
735,Amanda,Roy,11/7/1984,England,201,94,17.0,1.0
742,Craig,Ferguson,4/9/1990,Brazil,191,80,17.0,1.0
558,Shelby,Mclaughlin,2/14/1982,Argentina,207,88,17.0,2.0
300,Deborah,Shaw,1/24/1989,Canada,175,86,17.0,2.0
548,Nancy,Harper,8/17/1981,Canada,179,109,17.0,2.0
886,Tiffany,Dean,5/11/1996,Argentina,199,78,17.0,3.0
371,Bethany,Smith,3/18/1991,Argentina,186,88,17.0,3.0
926,Jodi,Nichols,4/14/1986,Argentina,187,100,17.0,3.0
553,Daniel,Harris,2/17/1995,Germany,204,102,17.0,4.0
680,Charles,Oconnor,9/20/1985,France,177,107,17.0,4.0
618,Cheryl,Arnold,5/26/1996,Spain,203,93,17.0,4.0
405,Danielle,Taylor,10/6/1980,Argentina,198,108,17.0,5.0
229,Carla,Ibarra,2/25/1994,Canada,195,104,17.0,5.0
887,Ashley,Shelton,11/22/1992,France,180,78,17.0,5.0
695,Steven,Meyer,11/22/1996,Australia,183,91,17.0,6.0
213,Bryan,Johnson,2/16/1995,Italy,189,86,17.0,6.0
80,James,Matthews,9/12/1991,Australia,178,82,17.0,6.0
149,Cassandra,Murray,4/3/1987,Spain,191,104,18.0,1.0
293,Michelle,Watson,11/5/1991,Italy,206,88,18.0,1.0
452,Dawn,Johnston,5/14/1993,Australia,174,94,18.0,2.0
307,Patricia,Howard,11/27/1992,Germany,187,104,18.0,2.0
433,Cynthia,Petty,8/24/1994,USA,192,84,18.0,2.0
877,Malik,Curry,3/19/1984,Argentina,206,96,18.0,3.0
134,Mark,Gonzales,7/23/1986,France,187,76,18.0,3.0
522,Loretta,Dickerson,10/13/1988,USA,178,82,18.0,3.0
840,Patty,Harris,7/6/1991,France,185,110,18.0,4.0
645,Gina,Davis,9/29/1983,Italy,196,91,18.0,4.0
1,Steven,Jackson,9/17/1982,Germany,200,106,18.0,4.0
673,Erik,Fletcher,8/28/1994,Spain,172,94,18.0,5.0
519,Jesse,Wilson,8/6/1994,Italy,177,75,18.0,5.0
308,Thomas,Reyes,6/16/1986,Germany,181,82,18.0,5.0
494,Danielle,Gonzalez,8/21/1995,Italy,188,105,18.0,6.0
425,Courtney,Lloyd,8/8/1990,England,190,96,18.0,6.0
333,Austin,Gonzalez,6/4/1996,Germany,174,89,18.0,6.0
173,Lorraine,Clark,8/26/1979,England,188,106,19.0,1.0
126,Jon,Mayer,11/28/1987,Germany,200,83,19.0,1.0
705,Carlos,Hutchinson,3/15/1985,Germany,196,88,19.0,2.0
860,William,Barrett,4/19/1986,Spain,177,100,19.0,2.0
914,Pamela,Pugh,9/4/1995,Canada,195,95,19.0,2.0
91,Victor,Tate,11/11/1980,Canada,174,83,19.0,3.0
891,Rebecca,Brown,5/28/1989,USA,206,97,19.0,3.0
182,Mark,Rosario,6/11/1993,Argentina,194,81,19.0,3.0
275,Brian,Hamilton,3/5/1979,Italy,208,85,19.0,4.0
850,David,Shea,9/6/1990,Brazil,178,100,19.0,4.0
70,Michelle,Silva,9/10/1984,England,182,79,19.0,4.0
292,Diana,Davis,10/4/1995,Spain,190,108,19.0,5.0
132,Patricia,Phillips,10/1/1983,Germany,177,107,19.0,5.0
301,Leah,Schultz,8/16/1979,England,189,78,19.0,5.0
746,April,Patterson,5/17/1992,Brazil,188,84,19.0,6.0
145,Stephen,Soto,4/29/1990,USA,188,109,19.0,6.0
552,Jonathan,Taylor,1/21/1991,Australia,188,104,19.0,6.0
136,Ruth,Mann,7/22/1986,Italy,208,110,20.0,1.0
165,Justin,Velez,7/1/1979,Argentina,203,75,20.0,1.0
29,Michelle,Evans,10/30/1981,Australia,195,104,20.0,2.0
534,Michele,Hanson,1/23/1983,Canada,195,78,20.0,2.0
194,Benjamin,Bowman,7/2/1985,France,181,76,20.0,2.0
555,Nancy,Nelson,9/1/1983,Brazil,202,106,20.0,3.0
607,Eric,Reed,2/5/1987,Brazil,193,84,20.0,3.0
170,Brenda,Fletcher,5/15/1995,USA,181,97,20.0,3.0
949,Samantha,Cordova,10/8/1986,Brazil,172,107,20.0,4.0
141,Jose,Orozco,11/25/1982,Australia,204,105,20.0,4.0
174,Roy,Kelley,11/15/1990,Germany,179,96,20.0,4.0
7,Larry,Wright,1/24/1990,Germany,207,106,20.0,5.0
663,Laura,Smith,8/27/1993,Australia,172,85,20.0,5.0
426,Stacey,Smith,8/20/1984,Australia,185,89,20.0,5.0
74,Paul,Miller,4/16/1980,Germany,200,90,20.0,6.0
650,Jesus,Rojas,2/17/1996,Australia,187,90,20.0,6.0
528,Neil,Cook,1/4/1987,France,206,108,20.0,6.0
239,John,Miles,11/6/1986,Canada,204,106,21.0,1.0
146,Sara,Cowan,6/28/1983,Canada,182,98,21.0,1.0
755,Amanda,Cole,12/30/1993,USA,202,103,21.0,2.0
235,John,Ward,7/15/1996,USA,201,107,21.0,2.0
221,John,Banks,9/8/1984,Argentina,205,98,21.0,2.0
423,Sharon,Jones,6/15/1985,England,209,94,21.0,3.0
902,Riley,Herman,4/5/1991,Germany,208,77,21.0,3.0
133,Thomas,Rubio,6/6/1987,England,186,93,21.0,3.0
941,Robert,Walsh,2/25/1983,Brazil,184,90,21.0,4.0
366,Roberto,Carr,7/3/1983,Canada,187,94,21.0,4.0
186,Danielle,Williams,9/15/1985,England,188,95,21.0,4.0
42,Hannah,Griffith,8/10/1994,Spain,183,85,21.0,5.0
581,Kimberly,Taylor,12/12/1995,Spain,184,87,21.0,5.0
109,Charles,Robles,10/31/1993,Italy,184,109,21.0,5.0
602,David,Anderson,5/20/1986,Australia,200,77,21.0,6.0
57,Timothy,Williams,8/2/1992,Germany,207,80,21.0,6.0
363,Kyle,Combs,3/19/1989,Germany,179,102,21.0,6.0
395,Miranda,Cannon,3/14/1990,England,204,82,22.0,1.0
535,Mitchell,Mcdonald,2/2/1993,Spain,209,97,22.0,1.0
25,Krystal,Meza,11/12/1982,France,202,99,22.0,2.0
399,Jonathan,Lara,3/4/1987,Germany,184,78,22.0,2.0
837,Clifford,Trujillo,4/11/1979,USA,177,81,22.0,2.0
501,Juan,Pham,5/13/1989,England,205,96,22.0,3.0
339,Judith,Wade,7/26/1988,USA,197,85,22.0,3.0
52,Erika,Walters,8/18/1992,USA,196,97,22.0,3.0
940,Kerry,Collins,5/2/1992,France,197,75,22.0,4.0
873,Jeremy,Cooper,9/2/1986,France,185,79,22.0,4.0
603,Eugene,Farrell,10/23/1989,Canada,189,90,22.0,4.0
265,Alyssa,Petty,5/4/1995,Argentina,209,102,22.0,5.0
842,Rachel,Washington,9/12/1990,Brazil,210,102,22.0,5.0
737,Jacob,Castillo,4/17/1979,Italy,208,97,22.0,5.0
942,Randall,Frank,7/27/1991,Argentina,185,95,22.0,6.0
486,Timothy,Carlson,8/31/1982,Germany,192,79,22.0,6.0
19,Corey,Fischer,1/20/1979,France,199,86,22.0,6.0
763,Stephen,Stanley,7/31/1984,Canada,174,94,23.0,1.0
540,Anthony,Alvarez,8/13/1990,England,188,100,23.0,1.0
463,Justin,Byrd,3/13/1988,Argentina,193,92,23.0,2.0
368,Nicole,Hoffman,6/5/1987,France,183,81,23.0,2.0
84,Isaac,Wright,12/6/1988,Canada,192,97,23.0,2.0
62,Alexis,Russell,11/13/1995,Spain,181,84,23.0,3.0
868,Antonio,Sanders,2/22/1991,Spain,204,76,23.0,3.0
273,Melissa,Levine,9/26/1995,Argentina,189,76,23.0,3.0
286,Susan,Steele,12/7/1996,USA,204,93,23.0,4.0
361,Paul,Lee,11/18/1993,Canada,187,76,23.0,4.0
355,Melanie,Edwards,10/27/1991,Argentina,200,87,23.0,4.0
762,Joshua,Suarez,11/16/1992,England,204,76,23.0,5.0
279,Kimberly,Hunt,4/25/1991,Argentina,186,99,23.0,5.0
13,Christine,Mitchell,11/29/1980,Australia,177,79,23.0,5.0
183,Grant,Ponce,11/25/1986,Brazil,174,107,23.0,6.0
369,Margaret,Lee,3/21/1983,Canada,210,96,23.0,6.0
440,Mark,Taylor,9/1/1983,England,191,101,23.0,6.0
586,Rebecca,Moore,11/26/1987,Spain,195,96,24.0,1.0
224,James,Moran,10/27/1996,Brazil,203,79,24.0,1.0
544,Colleen,Martinez,6/2/1993,Italy,190,92,24.0,2.0
666,Dawn,Flores,1/12/1984,Canada,203,92,24.0,2.0
450,Timothy,Harrison,3/12/1985,USA,193,78,24.0,2.0
495,Daniel,Martinez,4/11/1995,Brazil,190,78,24.0,3.0
786,Melanie,Chan,5/26/1986,Italy,201,99,24.0,3.0
639,Pamela,Lee,3/28/1991,Brazil,196,97,24.0,3.0
177,Joseph,Page,7/4/1986,USA,195,91,24.0,4.0
634,Nicholas,Lane,10/27/1995,Brazil,208,102,24.0,4.0
632,Ernest,Miller,12/11/1989,France,176,91,24.0,4.0
908,Connie,Smith,5/12/1982,Brazil,197,109,24.0,5.0
466,Tammy,Dennis,6/8/1984,Argentina,208,96,24.0,5.0
164,Thomas,Aguirre,5/4/1988,France,202,80,24.0,5.0
249,Tyler,Baker,11/26/1983,USA,192,88,24.0,6.0
604,Tiffany,Murphy,8/13/1988,France,195,95,24.0,6.0
892,Joshua,Moore,7/30/1985,Germany,204,75,24.0,6.0
376,Paul,Cameron,7/5/1992,USA,203,100,25.0,1.0
75,Kristy,Cole,10/21/1992,Germany,175,106,25.0,1.0
114,Cheryl,Young,3/3/1993,Spain,190,76,25.0,2.0
771,Shelia,Jackson,12/4/1989,Spain,197,93,25.0,2.0
532,Logan,Weiss,4/29/1989,Canada,187,95,25.0,2.0
391,Melody,Elliott,1/30/1993,USA,195,106,25.0,3.0
105,John,Walker,8/29/1996,Australia,208,76,25.0,3.0
115,Adam,Wade,1/8/1989,Argentina,203,97,25.0,3.0
421,Sean,Allen,9/18/1994,Canada,184,81,25.0,4.0
410,Raymond,Pennington,12/5/1988,France,186,89,25.0,4.0
93,William,Perry,11/30/1982,Germany,207,77,25.0,4.0
536,Anthony,Barnes,7/19/1988,Argentina,203,94,25.0,5.0
90,Tony,Morgan,6/28/1991,Australia,192,90,25.0,5.0
337,Mark,Davis,12/7/1979,France,175,108,25.0,5.0
939,Alexis,Williams,7/5/1984,Spain,208,100,25.0,6.0
874,Eric,Hawkins,10/7/1991,Canada,196,82,25.0,6.0
885,Joseph,Madden,2/8/1985,Australia,177,106,25.0,6.0
577,Dylan,Miller,10/22/1986,Germany,187,86,26.0,1.0
882,Regina,Hill,11/26/1987,USA,188,93,26.0,1.0
582,Jon,Andrews,3/22/1985,Germany,206,86,26.0,2.0
95,Ashley,Andrews,2/1/1980,Brazil,176,77,26.0,2.0
12,Hunter,Martinez,1/16/1985,Australia,192,90,26.0,2.0
397,Valerie,Hudson,5/31/1995,Australia,186,81,26.0,3.0
496,Molly,Morris,7/30/1995,USA,187,110,26.0,3.0
44,Allison,Perkins,1/24/1995,Canada,179,84,26.0,3.0
43,Melissa,Friedman,12/4/1979,France,180,89,26.0,4.0
330,Carrie,George,4/14/1983,Argentina,195,94,26.0,4.0
168,Annette,Dillon,2/14/1979,Australia,179,102,26.0,4.0
537,Chad,Evans,10/26/1980,Germany,198,104,26.0,5.0
899,Michael,Williams,9/5/1983,Argentina,183,91,26.0,5.0
569,Joseph,Schultz,8/13/1995,Italy,192,104,26.0,5.0
846,Jill,Summers,8/3/1986,Canada,199,101,26.0,6.0
101,Natalie,Smith,2/25/1981,Australia,179,99,26.0,6.0
427,Brian,Mueller,11/18/1993,Australia,197,76,26.0,6.0
179,Ashley,Phillips,3/21/1986,Italy,197,91,27.0,1.0
417,Chris,Hood,3/10/1982,Italy,190,96,27.0,1.0
617,Andre,Mendez,2/19/1992,England,191,88,27.0,2.0
838,Kelsey,Hudson,1/29/1993,Spain,181,100,27.0,2.0
627,Julie,Ward,6/10/1986,Brazil,196,110,27.0,2.0
178,Jennifer,Clay,8/12/1992,Germany,172,105,27.0,3.0
396,Ryan,Wade,1/29/1993,Spain,174,86,27.0,3.0
644,Donald,Fisher,11/10/1982,Spain,200,96,27.0,3.0
756,Luis,Stanley,12/3/1985,Spain,201,78,27.0,4.0
651,James,Reid,3/24/1985,England,207,108,27.0,4.0
384,Dylan,Moon,7/18/1993,Australia,204,98,27.0,4.0
258,Stephanie,Medina,2/22/1989,Canada,198,102,27.0,5.0
898,Eric,Brewer,3/23/1981,USA,190,108,27.0,5.0
336,Katelyn,Davis,5/3/1987,Spain,177,88,27.0,5.0
585,Alan,Fletcher,4/24/1979,England,185,107,27.0,6.0
16,Elizabeth,Johnson,1/17/1990,Canada,190,84,27.0,6.0
4,Gerald,Gilbert,7/19/1986,Spain,189,100,27.0,6.0
549,David,Carter,10/25/1979,England,176,108,28.0,1.0
257,Richard,Hill,8/6/1994,Germany,194,95,28.0,1.0
517,Tyler,Robinson,7/22/1982,Argentina,177,106,28.0,2.0
722,Kristin,Wheeler,7/18/1995,Italy,207,91,28.0,2.0
674,Cathy,Thomas,5/30/1990,Germany,204,102,28.0,2.0
484,Tony,Mcneil,4/25/1990,Germany,196,78,28.0,3.0
394,John,Martin,8/1/1994,Australia,208,110,28.0,3.0
223,Bonnie,Gardner,2/23/1983,Germany,196,93,28.0,3.0
180,Andrew,Fitzgerald,5/11/1993,Germany,183,84,28.0,4.0
290,Angela,Wilson,10/19/1983,Germany,192,90,28.0,4.0
480,Emily,Holland,5/20/1996,Italy,180,95,28.0,4.0
325,Jared,Shepherd,1/4/1989,Brazil,196,108,28.0,5.0
871,Matthew,Morris,6/26/1986,Italy,173,77,28.0,5.0
10,Michael,Davis,3/21/1988,Germany,187,98,28.0,5.0
250,Colleen,Bartlett,1/21/1995,Spain,174,93,28.0,6.0
23,Priscilla,Osborn,4/29/1986,Germany,182,97,28.0,6.0
357,Sheila,Randolph,11/1/1989,Spain,188,75,28.0,6.0
222,Jennifer,Brown,6/16/1982,USA,172,83,29.0,1.0
635,Laura,Cummings,10/8/1983,Italy,192,78,29.0,1.0
895,Brittany,Rowland,8/8/1981,USA,194,80,29.0,2.0
934,Brian,Singh,1/5/1984,USA,177,90,29.0,2.0
560,Christopher,Garcia,12/14/1990,Canada,178,87,29.0,2.0
341,Kristin,Wright,1/18/1988,Argentina,173,78,29.0,3.0
432,Michael,Watkins,7/21/1982,England,175,104,29.0,3.0
523,Bernard,Clark,8/12/1985,Canada,175,98,29.0,3.0
793,Bianca,Campbell,9/28/1979,France,203,101,29.0,4.0
550,Justin,Walters,6/12/1979,Argentina,204,78,29.0,4.0
204,Erica,Shepherd,10/19/1981,Australia,206,93,29.0,4.0
888,Stephanie,Moore,1/12/1981,Australia,185,97,29.0,5.0
446,Laurie,Davis,8/13/1992,Canada,182,104,29.0,5.0
238,Craig,Potts,10/12/1996,Australia,178,103,29.0,5.0
94,Emily,Brown,7/14/1990,France,188,103,29.0,6.0
530,Daniel,Olson,11/18/1994,England,174,93,29.0,6.0
508,Michael,Carter,7/9/1990,Spain,190,89,29.0,6.0
823,Amanda,Brown,4/15/1988,Argentina,199,95,30.0,1.0
797,Scott,Rodriguez,6/14/1994,Australia,185,92,30.0,1.0
285,Cynthia,Fowler,7/6/1990,Germany,204,84,30.0,2.0
185,Caitlin,Cain,8/2/1991,Australia,209,86,30.0,2.0
765,Tiffany,Stokes,1/10/1983,Canada,182,103,30.0,2.0
884,Aaron,Rodriguez,8/23/1994,Germany,193,91,30.0,3.0
435,Gregory,Williams,6/30/1982,England,196,110,30.0,3.0
661,Julie,Martinez,7/25/1987,England,203,77,30.0,3.0
154,Austin,Rich,5/21/1990,USA,200,98,30.0,4.0
76,Arthur,Villegas,4/14/1980,Argentina,194,85,30.0,4.0
451,Andrew,Medina,9/18/1985,Germany,210,86,30.0,4.0
697,Joseph,Torres,7/3/1994,Spain,195,80,30.0,5.0
584,Richard,Manning,4/29/1994,Italy,186,94,30.0,5.0
278,Denise,Baker,11/16/1981,France,176,101,30.0,5.0
69,Michael,Brooks,6/18/1979,Australia,204,85,30.0,6.0
447,Brett,Perkins,1/2/1992,Germany,186,84,30.0,6.0
598,Matthew,Lewis,4/30/1980,England,175,92,30.0,6.0
487,Danielle,Wilson,10/27/1980,Italy,191,89,31.0,1.0
189,Hannah,Bryant,2/26/1979,Spain,177,85,31.0,1.0
272,Henry,Phillips,1/29/1981,Germany,204,92,31.0,2.0
237,Charles,Collins,2/9/1983,France,210,101,31.0,2.0
488,Zachary,Perez,2/14/1980,France,177,87,31.0,2.0
118,Heather,Davis,7/1/1996,England,181,106,31.0,3.0
779,Leslie,Mcconnell,3/9/1990,France,197,84,31.0,3.0
513,Cheryl,Mendoza,5/9/1988,Italy,175,110,31.0,3.0
757,Dawn,Terrell,1/22/1979,Spain,208,101,31.0,4.0
685,Maria,Jackson,10/21/1984,USA,173,106,31.0,4.0
127,Chelsea,Carroll,11/4/1990,Italy,174,78,31.0,4.0
117,Christian,Reyes,4/22/1988,USA,205,91,31.0,5.0
474,Grant,Bush,4/1/1995,Spain,189,81,31.0,5.0
678,Robert,Jones,6/29/1979,France,172,88,31.0,5.0
58,Tiffany,Klein,6/19/1979,Italy,183,91,31.0,6.0
709,Daniel,Roberts,10/6/1988,Italy,198,101,31.0,6.0
866,Cheryl,Bell,1/22/1991,Argentina,205,75,31.0,6.0
370,Samantha,Winters,3/29/1990,Italy,194,81,32.0,1.0
269,Amy,Obrien,10/6/1996,England,185,102,32.0,1.0
47,Jonathan,Hall,5/15/1982,Brazil,209,107,32.0,2.0
350,James,Leon,4/12/1985,Argentina,207,107,32.0,2.0
196,Sarah,Porter,12/11/1979,Canada,174,107,32.0,2.0
950,Dennis,Hoffman,1/8/1992,Canada,209,98,32.0,3.0
794,Ronnie,Hughes,3/12/1991,England,181,101,32.0,3.0
944,Alex,Ward,3/29/1994,Australia,187,98,32.0,3.0
264,Sandra,Ware,10/10/1980,Spain,183,92,32.0,4.0
444,David,Carrillo,11/27/1996,France,194,84,32.0,4.0
796,Kristen,Gutierrez,12/8/1987,Italy,175,109,32.0,4.0
305,Cathy,Scott,3/25/1981,England,197,81,32.0,5.0
342,Cynthia,Turner,4/16/1982,Argentina,197,84,32.0,5.0
918,Amber,Hall,7/16/1992,Canada,192,77,32.0,5.0
150,Jason,Hill,5/1/1995,Germany,200,82,32.0,6.0
125,Richard,Hayes,8/2/1986,England,202,103,32.0,6.0
774,Lynn,Rich,11/22/1993,Germany,174,95,32.0,6.0
51,Joshua,Griffin,7/30/1986,USA,179,78,1.0,6.0
354,Joseph,Hull,4/23/1988,Brazil,208,96,1.0,2.0
880,Steven,Jones,2/25/1996,Germany,191,106,1.0,3.0
143,Vincent,Christensen,9/28/1981,Argentina,174,81,1.0,4.0
471,Lisa,Burton,3/6/1994,Spain,188,109,1.0,5.0
400,John,Stevens,4/11/1991,Argentina,182,103,1.0,6.0
596,Lisa,Andrade,6/16/1989,Italy,184,103,1.0,2.0
321,Jennifer,Banks,12/5/1996,Brazil,193,89,1.0,3.0
20,Bailey,Elliott,1/28/1993,Italy,183,81,1.0,4.0
928,Ronald,Obrien,5/5/1980,Italy,185,94,1.0,5.0
753,Shirley,Gutierrez,10/11/1983,USA,191,103,1.0,6.0
795,Melinda,Chavez,6/22/1979,Brazil,182,80,1.0,2.0
408,Gina,Diaz,12/2/1995,England,196,95,1.0,3.0
538,James,Hernandez,7/13/1995,Italy,175,78,2.0,4.0
591,Michelle,Wagner,11/24/1979,France,203,85,2.0,5.0
39,Jose,Zhang,2/13/1996,England,210,109,2.0,6.0
176,Brittney,Berry,3/11/1983,USA,185,101,2.0,2.0
246,Amanda,May,7/13/1996,Australia,180,108,2.0,3.0
789,Keith,York,3/2/1992,Italy,197,85,2.0,4.0
636,Cole,Petersen,5/14/1985,USA,198,82,2.0,5.0
718,Patrick,Santos,7/28/1985,Argentina,178,110,2.0,6.0
855,Pamela,Ramos,5/20/1992,Australia,206,94,2.0,2.0
155,Claudia,Travis,6/16/1981,Italy,207,110,2.0,3.0
288,Joel,Hamilton,9/26/1987,England,185,106,2.0,4.0
761,April,Hall,12/24/1982,Argentina,192,105,2.0,5.0
570,Robert,Fleming,4/11/1980,France,207,109,2.0,6.0
707,Nancy,Gonzalez,9/29/1996,France,176,101,3.0,2.0
18,Leah,Barker,1/23/1996,Spain,174,108,3.0,3.0
128,Kathryn,Hodges,2/10/1988,Canada,180,94,3.0,4.0
323,Justin,Williams,5/6/1992,Australia,194,98,3.0,5.0
256,Rachel,Humphrey,1/31/1989,Australia,206,108,3.0,6.0
626,Annette,Soto,2/24/1993,Canada,192,85,3.0,2.0
916,Rachael,Cannon,11/24/1993,Canada,199,110,3.0,3.0
191,Jason,Smith,12/21/1983,Germany,209,104,3.0,4.0
116,Michelle,Knight,6/7/1986,Australia,198,100,3.0,5.0
671,Sarah,House,12/28/1985,Italy,185,106,3.0,6.0
181,Jared,Rivera,9/14/1981,Spain,174,88,3.0,2.0
302,Amy,Miller,3/1/1994,Germany,200,90,3.0,3.0
723,Kayla,Bowers,9/28/1985,Brazil,210,77,3.0,4.0
679,Jeffrey,Gibbs,6/19/1984,Australia,191,77,4.0,5.0
690,Mark,Peterson,11/12/1979,Argentina,182,91,4.0,6.0
654,Dennis,Johnson,1/3/1996,England,210,84,4.0,2.0
630,Tyler,Carter,4/16/1982,Argentina,201,101,4.0,3.0
518,Emily,Gray,6/16/1994,Australia,207,98,4.0,4.0
935,Joshua,Horn,5/13/1985,Spain,202,106,4.0,5.0
46,Mariah,Thomas,11/10/1994,Italy,172,75,4.0,6.0
863,Rebekah,Meyers,9/4/1994,USA,201,105,4.0,2.0
158,Stacey,Erickson,4/8/1995,Brazil,174,107,4.0,3.0
708,Julia,Roman,9/8/1986,Canada,188,101,4.0,4.0
172,Courtney,Collier,8/17/1992,Brazil,208,80,4.0,5.0
17,Aaron,Moreno,9/1/1983,Argentina,183,97,4.0,6.0
512,Alexander,Johnson,8/31/1987,France,173,90,4.0,2.0
49,Janice,Andrews,10/27/1980,USA,181,101,5.0,3.0
922,Teresa,James,5/13/1979,USA,177,107,5.0,4.0
800,Phillip,Parrish,2/4/1995,Italy,192,105,5.0,5.0
516,Arthur,Craig,5/27/1992,Germany,206,99,5.0,6.0
653,Allison,Barr,6/5/1993,Canada,184,83,5.0,2.0
481,Brian,Mitchell,12/14/1982,France,203,99,5.0,3.0
284,Lisa,Richardson,9/21/1992,Argentina,180,110,5.0,4.0
623,Justin,Sutton,7/6/1984,England,196,101,5.0,5.0
226,Christopher,Gibson,4/16/1985,Germany,204,84,5.0,6.0
27,Amanda,Schultz,2/24/1986,Spain,198,106,5.0,2.0
745,Frank,Crawford,5/6/1985,Spain,208,93,5.0,3.0
438,Sandra,Perry,5/22/1990,France,198,94,5.0,4.0
903,Kenneth,Carr,5/7/1987,Italy,191,86,5.0,5.0
365,Kimberly,Wright,1/10/1981,Canada,172,88,6.0,6.0
230,Wesley,Jennings,8/10/1987,Germany,201,81,6.0,2.0
38,Andrew,Thompson,12/14/1993,Argentina,202,83,6.0,3.0
917,Philip,Torres,7/9/1987,France,203,101,6.0,4.0
375,Nicole,Kirk,10/29/1996,Canada,188,95,6.0,5.0
470,Craig,Sanchez,11/27/1993,Australia,190,84,6.0,6.0
919,Michael,Phillips,3/13/1989,Argentina,191,102,6.0,2.0
809,Kimberly,Phelps,11/18/1991,Argentina,173,108,6.0,3.0
847,Vanessa,Davis,1/25/1996,Germany,181,102,6.0,4.0
195,Paul,Rodriguez,11/12/1986,Brazil,173,80,6.0,5.0
812,Dawn,Nelson,1/17/1987,Argentina,181,97,6.0,6.0
864,Samantha,Harmon,2/24/1984,France,174,90,6.0,2.0
504,Shannon,Mcfarland,8/21/1989,Argentina,177,102,6.0,3.0
921,Tiffany,Harding,1/28/1985,Australia,207,110,7.0,4.0
790,Kendra,Ferguson,8/6/1994,USA,185,108,7.0,5.0
580,Shelley,Moore,6/11/1992,Australia,178,90,7.0,6.0
920,John,Munoz,1/28/1996,Germany,186,88,7.0,2.0
163,Tony,Marquez,5/24/1980,Brazil,185,90,7.0,3.0
669,Rodney,Hayes,1/8/1993,Germany,190,75,7.0,4.0
153,Taylor,Simpson,7/29/1981,England,191,95,7.0,5.0
828,Brittney,Rodriguez,12/20/1980,Italy,192,100,7.0,6.0
667,Louis,Webb,6/12/1984,Argentina,201,88,7.0,2.0
719,Julie,Avery,10/2/1986,France,178,85,7.0,3.0
112,Nicholas,Williams,1/5/1995,USA,189,106,7.0,4.0
227,Amy,Bailey,11/30/1985,Australia,194,93,7.0,5.0
817,Bruce,Miller,10/7/1993,Spain,172,87,7.0,6.0
104,Ricardo,Pena,7/3/1993,England,180,80,8.0,2.0
422,Andrew,Gardner,2/18/1996,England,201,106,8.0,3.0
420,Eric,Harrison,11/25/1985,Germany,199,84,8.0,4.0
714,Jack,Bell,7/28/1981,Australia,204,86,8.0,5.0
587,Kyle,Anderson,11/17/1983,Canada,190,110,8.0,6.0
782,Tammy,Frank,1/21/1993,Argentina,208,97,8.0,2.0
120,Johnathan,Davis,9/1/1979,Canada,205,79,8.0,3.0
54,Jennifer,Fisher,8/11/1996,Argentina,177,110,8.0,4.0
152,Ernest,Brown,12/30/1988,England,189,87,8.0,5.0
404,Monica,David,9/16/1979,Australia,206,109,8.0,6.0
897,David,Cantu,6/13/1996,Canada,203,78,8.0,2.0
208,Lauren,Brown,8/17/1993,USA,191,108,8.0,3.0
803,Mary,Smith,3/6/1987,Australia,201,95,8.0,4.0
801,Jason,Rangel,10/16/1981,Canada,185,95,9.0,5.0
9,Kenneth,Moore,5/10/1983,Canada,192,76,9.0,6.0
768,Marcia,Wright,9/23/1985,France,205,78,9.0,2.0
37,Michelle,Ruiz,2/18/1995,Germany,179,76,9.0,3.0
453,Kristopher,Scott,10/9/1987,Italy,175,91,9.0,4.0
652,Adrian,Black,8/8/1989,Australia,191,110,9.0,5.0
254,David,Best,12/6/1981,Argentina,185,82,9.0,6.0
304,Savannah,Reilly,12/31/1990,Spain,206,89,9.0,2.0
740,Robert,Browning,8/17/1981,Germany,172,86,9.0,3.0
572,Sheila,Clark,1/24/1984,Italy,199,84,9.0,4.0
624,Vincent,Thomas,2/8/1995,France,189,103,9.0,5.0
676,Bryan,Morrison,9/15/1988,Australia,185,81,9.0,6.0
686,John,Mills,9/16/1996,Canada,206,98,9.0,2.0
263,Mark,Gonzales,10/3/1996,France,194,94,10.0,3.0
611,Scott,Elliott,2/17/1995,France,174,107,10.0,4.0
298,Autumn,Arnold,5/21/1989,Italy,210,86,10.0,5.0
415,Alejandro,Norris,3/8/1996,Argentina,206,98,10.0,6.0
151,Taylor,Fischer,11/25/1981,Argentina,205,78,10.0,2.0
751,Tony,Shepard,5/12/1994,Argentina,187,107,10.0,3.0
641,Jeremy,Lopez,11/27/1989,Canada,193,78,10.0,4.0
844,Ronald,Rodriguez,9/26/1993,England,181,106,10.0,5.0
551,Amanda,Fox,8/30/1987,Canada,203,82,10.0,6.0
754,Janet,Hart,7/18/1993,Spain,180,83,10.0,2.0
489,William,Le,9/4/1980,Italy,187,90,10.0,3.0
148,Pamela,Ford,6/2/1986,Brazil,206,80,10.0,4.0
147,Denise,Vazquez,2/11/1984,Argentina,204,108,10.0,5.0
904,Susan,Barton,2/25/1996,Canada,189,83,11.0,6.0
883,Tina,Carpenter,7/2/1984,Canada,194,109,11.0,2.0
704,Mary,Smith,8/31/1988,Canada,207,81,11.0,3.0
660,William,Rodriguez,6/27/1993,Italy,195,85,11.0,4.0
349,Kelly,Santos,10/24/1987,Australia,196,87,11.0,5.0
464,Amanda,Moran,11/19/1987,France,198,76,11.0,6.0
326,Zachary,Miller,3/18/1979,Italy,178,101,11.0,2.0
187,Christopher,Williams,7/23/1991,Argentina,210,84,11.0,3.0
124,Crystal,Hart,10/29/1980,Brazil,176,86,11.0,4.0
811,Gregory,Ryan,7/14/1981,Italy,180,77,11.0,5.0
609,Jennifer,Henderson,7/25/1995,Germany,179,94,11.0,6.0
144,Rhonda,Robinson,7/12/1985,Spain,181,104,11.0,2.0
910,Melanie,Mason,10/23/1990,France,196,76,11.0,3.0
198,Jesse,Ramsey,1/14/1987,Spain,202,80,12.0,4.0
610,Bryan,Guzman,9/7/1983,USA,184,88,12.0,5.0
280,Gregory,Carter,9/5/1981,USA,179,107,12.0,6.0
294,Lauren,Hoover,4/17/1994,Spain,188,92,12.0,2.0
401,Anna,Cooley,6/23/1992,Italy,205,90,12.0,3.0
123,Paul,Jimenez,10/20/1983,Argentina,172,96,12.0,4.0
184,Bradley,Mccarthy,10/12/1995,USA,204,93,12.0,5.0
203,Hannah,Ferguson,5/20/1986,Australia,177,90,12.0,6.0
439,Russell,Roberson,2/7/1995,Italy,201,103,12.0,2.0
247,Benjamin,Hart,5/13/1986,Argentina,177,76,12.0,3.0
416,Samantha,Barton,11/19/1996,England,205,76,12.0,4.0
729,Cindy,Owen,9/5/1986,Australia,187,107,12.0,5.0
732,Kerry,Levine,8/31/1979,France,175,90,12.0,6.0
843,Craig,Carpenter,10/24/1983,Germany,196,79,13.0,2.0
130,James,Frye,3/5/1983,France,182,109,13.0,3.0
638,Ryan,Jones,10/22/1987,Canada,210,97,13.0,4.0
403,Robin,Ramirez,6/30/1979,Germany,196,77,13.0,5.0
747,Christina,Strickland,9/20/1985,Germany,185,102,13.0,6.0
778,Matthew,Moreno,5/16/1986,Canada,188,109,13.0,2.0
867,Tina,Mays,10/9/1995,Spain,193,101,13.0,3.0
220,David,Burns,11/15/1986,England,188,108,13.0,4.0
642,Albert,Williams,11/7/1988,Brazil,188,84,13.0,5.0
869,Stephen,West,8/23/1983,Italy,207,85,13.0,6.0
716,Diana,Rojas,5/24/1989,Germany,191,104,13.0,2.0
791,Michael,Hernandez,1/22/1982,USA,174,75,13.0,3.0
933,Anne,Williams,7/4/1994,Germany,181,96,13.0,4.0
625,Alexis,Christensen,2/14/1986,Argentina,205,103,14.0,5.0
798,Jared,Galloway,7/1/1994,Argentina,190,101,14.0,6.0
724,James,Stevens,9/7/1991,England,206,81,14.0,2.0
387,Curtis,Malone,3/13/1992,Brazil,192,76,14.0,3.0
923,Christopher,Gillespie,9/21/1979,Spain,202,101,14.0,4.0
510,Brittney,Allen,5/21/1996,Australia,198,97,14.0,5.0
268,Angelica,Brooks,8/22/1991,France,204,90,14.0,6.0
810,Philip,Castro,1/21/1983,Brazil,193,106,14.0,2.0
442,Megan,Simmons,9/15/1990,Spain,193,104,14.0,3.0
497,Krista,Henry,8/21/1989,Spain,200,77,14.0,4.0
113,Jessica,Lee,4/6/1985,Spain,179,85,14.0,5.0
692,Deanna,Johnson,6/15/1992,Canada,177,101,14.0,6.0
233,Brandon,Davis,10/31/1995,Italy,190,95,14.0,2.0
827,Jerry,Eaton,12/4/1990,USA,210,102,15.0,3.0
608,Donna,May,4/4/1988,France,207,87,15.0,4.0
672,Richard,Jordan,10/21/1992,France,177,104,15.0,5.0
374,Matthew,Thompson,5/11/1980,USA,182,105,15.0,6.0
932,Laura,Turner,10/9/1984,Argentina,193,105,15.0,2.0
802,David,Ortiz,1/9/1985,Argentina,205,96,15.0,3.0
234,Jake,Moore,10/4/1996,England,199,110,15.0,4.0
915,Leah,Oliver,5/7/1988,France,204,79,15.0,5.0
677,Jason,Solis,10/19/1979,Australia,198,76,15.0,6.0
318,Lindsey,Lee,6/21/1987,Spain,173,97,15.0,2.0
649,Cynthia,Jones,10/24/1980,Australia,173,101,15.0,3.0
411,Patricia,Stewart,2/15/1996,Spain,197,80,15.0,4.0
853,Christine,Keller,6/17/1982,Spain,191,89,15.0,5.0
710,Patricia,Owens,6/20/1996,England,185,103,16.0,6.0
359,Christopher,West,6/7/1995,Argentina,176,83,16.0,2.0
259,Rachael,Hamilton,3/12/1994,USA,205,76,16.0,3.0
628,Alexa,Davis,6/19/1995,Germany,179,107,16.0,4.0
633,Angelica,Boone,9/20/1987,Italy,200,109,16.0,5.0
283,Jonathan,Bowen,7/22/1991,Brazil,207,87,16.0,6.0
377,Jacqueline,Hall,7/27/1991,Brazil,182,101,16.0,2.0
385,Kayla,Martin,5/24/1983,Australia,197,94,16.0,3.0
225,Tammy,Johnson,5/12/1983,Argentina,203,110,16.0,4.0
905,Samuel,Velez,9/30/1995,Brazil,182,102,16.0,5.0
775,Jessica,Zimmerman,10/30/1994,Italy,209,109,16.0,6.0
473,Raymond,Woodard,8/26/1993,Italy,197,94,16.0,2.0
348,Christopher,Owen,8/14/1983,Argentina,194,75,16.0,3.0
506,Derrick,Finley,10/1/1985,Argentina,172,94,17.0,4.0
640,John,Allen,12/17/1982,USA,194,102,17.0,5.0
938,Tracy,Tate,2/19/1994,USA,183,76,17.0,6.0
881,Martin,Stafford,5/28/1996,France,196,99,17.0,2.0
859,Rachel,Hamilton,7/22/1992,USA,210,97,17.0,3.0
620,Rachel,Gross,5/31/1992,Spain,181,96,17.0,4.0
833,Michele,Walsh,6/26/1994,Spain,185,96,17.0,5.0
646,Sherry,Howard,8/10/1983,France,184,107,17.0,6.0
805,Sandra,Hill,2/24/1981,Brazil,172,90,17.0,2.0
557,Jonathan,Carter,4/30/1984,France,183,98,17.0,3.0
909,Chad,Perkins,9/8/1990,USA,172,85,17.0,4.0
578,David,Mann,11/2/1982,Germany,193,78,17.0,5.0
86,Jessica,Edwards,7/28/1985,Argentina,189,92,17.0,6.0
243,Angela,Ortega,7/5/1981,Australia,192,87,18.0,2.0
699,Jonathan,Lyons,3/11/1987,Australia,200,84,18.0,3.0
160,Jesse,Murphy,5/7/1980,Germany,172,98,18.0,4.0
525,Pamela,Wright,11/25/1983,France,175,93,18.0,5.0
36,Jessica,Jenkins,8/26/1979,Germany,185,94,18.0,6.0
541,Caitlin,Norton,4/8/1986,Italy,201,85,18.0,2.0
171,Jonathan,Donaldson,2/23/1981,Brazil,210,106,18.0,3.0
655,Nicole,Ferrell,12/29/1992,Canada,210,102,18.0,4.0
845,Edward,White,5/6/1988,France,195,90,18.0,5.0
815,Lonnie,Spence,3/14/1981,USA,183,77,18.0,6.0
924,Laura,Wilkins,3/8/1983,USA,190,109,18.0,2.0
896,Franklin,Austin,6/12/1981,Argentina,188,82,18.0,3.0
734,Gary,Lyons,10/4/1994,Argentina,190,85,18.0,4.0
96,Stacey,Chavez,11/3/1980,Brazil,177,101,19.0,5.0
564,Alexander,Dunn,4/19/1994,Argentina,184,86,19.0,6.0
241,Paige,Smith,3/21/1988,Canada,174,89,19.0,2.0
743,Catherine,Rose,5/4/1986,USA,182,77,19.0,3.0
575,Crystal,Hernandez,5/25/1993,USA,188,82,19.0,4.0
691,Amanda,Fitzgerald,5/18/1989,Spain,175,110,19.0,5.0
461,James,Payne,3/15/1990,USA,194,93,19.0,6.0
554,Craig,Velasquez,10/28/1995,Australia,177,110,19.0,2.0
834,Jonathan,Pham,11/3/1989,Germany,205,105,19.0,3.0
207,Sarah,Harris,2/5/1986,Brazil,205,80,19.0,4.0
393,Austin,Carter,11/8/1984,Spain,172,92,19.0,5.0
398,Daniel,Franklin,7/31/1980,USA,177,90,19.0,6.0
767,Tyler,Howell,12/20/1985,Brazil,196,97,19.0,2.0
807,Emily,Armstrong,7/20/1985,Australia,208,77,20.0,3.0
218,Rebecca,Bailey,11/20/1989,USA,205,106,20.0,4.0
5,Craig,Randall,6/29/1986,Argentina,178,98,20.0,5.0
769,Taylor,Leon,10/10/1987,England,188,86,20.0,6.0
643,Ryan,Lopez,5/22/1982,England,201,82,20.0,2.0
852,Angelica,Cox,10/16/1979,England,200,86,20.0,3.0
613,Michael,Morgan,1/8/1985,Canada,185,101,20.0,4.0
739,Kevin,Hill,10/30/1981,Spain,198,87,20.0,5.0
547,Michael,Evans,11/21/1996,England,194,107,20.0,6.0
726,Thomas,Perez,8/10/1995,Canada,203,99,20.0,2.0
684,Rodney,Whitehead,12/12/1984,France,187,91,20.0,3.0
99,Brandi,King,6/18/1979,Canada,183,89,20.0,4.0
728,Sarah,Bryant,8/11/1988,USA,208,97,20.0,5.0
574,Amy,Flowers,12/2/1996,Brazil,175,89,21.0,6.0
407,Jeremy,Taylor,6/26/1980,Canada,173,89,21.0,2.0
503,Michael,Howard,6/27/1993,Australia,173,89,21.0,3.0
48,Hannah,Baker,2/19/1980,Australia,181,87,21.0,4.0
33,Michelle,Newman,12/31/1982,Canada,197,95,21.0,5.0
780,Anthony,Gray,8/21/1996,Brazil,196,107,21.0,6.0
201,Melissa,Wood,12/9/1981,England,173,102,21.0,2.0
135,William,Mccoy,5/22/1993,England,188,90,21.0,3.0
28,Sandra,Davis,10/6/1979,Italy,209,105,21.0,4.0
836,Tracy,Ellis,8/23/1991,France,175,87,21.0,5.0
231,Carol,Smith,8/30/1986,Australia,179,88,21.0,6.0
490,Tami,Reid,9/12/1979,Argentina,180,87,21.0,2.0
773,Jesse,Torres,4/27/1990,Argentina,208,93,21.0,3.0
379,Paula,Hickman,12/12/1995,Spain,204,100,22.0,4.0
289,Kathy,Rasmussen,7/1/1985,France,207,76,22.0,5.0
419,Michele,Holder,6/28/1990,Australia,204,97,22.0,6.0
675,Erica,Munoz,6/2/1992,Germany,206,81,22.0,2.0
392,Laura,Coleman,4/25/1990,Argentina,203,85,22.0,3.0
593,Kelly,Thomas,5/3/1995,France,188,84,22.0,4.0
499,Michele,Ryan,12/29/1995,England,183,110,22.0,5.0
139,John,Thompson,12/25/1988,USA,207,85,22.0,6.0
63,Jamie,Humphrey,11/21/1993,USA,208,80,22.0,2.0
472,Katherine,Meyers,4/18/1986,England,173,91,22.0,3.0
648,Kristina,Simpson,9/10/1980,Spain,189,104,22.0,4.0
129,Nicole,Hill,6/30/1979,Australia,202,103,22.0,5.0
927,Bryan,Lawrence,4/11/1987,Brazil,190,109,22.0,6.0
521,Lauren,Acosta,7/24/1982,USA,190,103,23.0,2.0
65,Lance,Butler,8/14/1994,Argentina,189,75,23.0,3.0
813,Carrie,Lee,1/4/1984,England,202,97,23.0,4.0
15,Traci,Schwartz,1/6/1991,Canada,201,108,23.0,5.0
157,Michael,Palmer,5/17/1988,England,181,98,23.0,6.0
41,Shawn,Guzman,11/15/1995,Italy,201,93,23.0,2.0
493,Kristine,Jennings,8/29/1985,Argentina,199,105,23.0,3.0
380,Melissa,Hernandez,9/6/1979,Brazil,180,107,23.0,4.0
188,Lauren,Davidson,8/21/1984,Canada,176,75,23.0,5.0
764,Benjamin,Logan,1/12/1989,Spain,209,95,23.0,6.0
217,Ronnie,Bird,12/21/1989,France,181,75,23.0,2.0
792,Melissa,Ramirez,1/18/1987,Canada,178,85,23.0,3.0
53,Daniel,Marshall,9/26/1983,Canada,188,86,24.0,4.0
338,David,Blake,12/2/1981,Australia,208,81,24.0,5.0
749,Michael,Ramirez,4/26/1987,Germany,174,99,24.0,6.0
720,Cathy,Stevens,6/30/1995,Italy,197,90,24.0,2.0
725,Heather,Moore,11/30/1980,Spain,188,89,24.0,3.0
296,Meredith,Sanders,7/22/1982,England,172,88,24.0,4.0
702,Bradley,Guzman,10/13/1988,Spain,173,83,24.0,5.0
252,Christopher,Gonzalez,6/7/1994,Australia,201,98,24.0,6.0
727,Kyle,Lee,1/15/1985,Australia,205,81,24.0,2.0
462,Chelsea,Estrada,3/19/1982,France,190,83,24.0,3.0
456,Lisa,Martin,10/5/1987,Australia,203,99,24.0,4.0
947,Gregory,Carter,6/28/1992,England,210,81,24.0,5.0
816,Aaron,Curtis,6/15/1988,England,205,76,25.0,6.0
270,Scott,Schneider,4/16/1982,Australia,209,83,25.0,2.0
202,David,Barnett,3/27/1979,Argentina,200,77,25.0,3.0
162,Jeffery,Savage,11/17/1993,USA,172,87,25.0,4.0
556,Timothy,Williams,5/16/1992,Australia,208,80,25.0,5.0
730,Timothy,Henderson,11/4/1995,Germany,192,82,25.0,6.0
402,James,Warren,3/8/1996,Spain,185,81,25.0,2.0
703,Justin,Delgado,12/26/1989,England,205,85,25.0,3.0
477,Michael,Chavez,12/11/1993,Italy,198,101,25.0,4.0
822,Jacqueline,Anderson,6/2/1986,Australia,188,76,25.0,5.0
772,Lisa,Padilla,12/28/1995,Argentina,188,102,25.0,6.0
106,Alan,Dixon,1/14/1989,Spain,195,84,25.0,2.0
566,Lori,Arnold,1/27/1983,Germany,208,96,26.0,3.0
390,Anne,Gordon,8/5/1988,Argentina,195,76,26.0,4.0
2,David,Thomas,12/12/1984,Brazil,181,89,26.0,5.0
889,Ronald,Davis,6/12/1983,Brazil,206,76,26.0,6.0
562,Jason,Wheeler,6/23/1982,Spain,187,81,26.0,2.0
81,Jennifer,Ellis,1/21/1986,France,189,87,26.0,3.0
206,Darryl,Watts,8/4/1995,France,200,84,26.0,4.0
35,Ronald,Newton,4/11/1994,USA,180,106,26.0,5.0
776,Michael,Morgan,12/8/1990,Spain,181,86,26.0,6.0
509,Alexander,Sutton,5/10/1986,Argentina,184,107,26.0,2.0
428,Catherine,Wheeler,11/6/1982,Italy,184,106,26.0,3.0
455,Miranda,Jones,5/18/1990,Argentina,176,77,26.0,4.0
367,Victoria,Lee,7/11/1986,France,186,77,27.0,5.0
92,Tanner,Bean,12/19/1994,Brazil,194,77,27.0,6.0
340,Stephanie,Wang,8/17/1981,Canada,200,109,27.0,2.0
565,Wendy,Cross,9/1/1990,Argentina,195,108,27.0,3.0
346,Yvonne,Cochran,7/6/1991,France,208,80,27.0,4.0
777,Karen,Price,9/25/1993,England,182,76,27.0,5.0
242,Brian,King,5/11/1984,Argentina,177,104,27.0,6.0
14,Michael,Bruce,4/7/1985,England,205,89,27.0,2.0
316,Amanda,Mccoy,9/24/1985,Italy,175,94,27.0,3.0
601,Becky,Allen,4/28/1980,USA,194,81,27.0,4.0
388,Brittany,Hall,7/6/1992,Spain,186,107,27.0,5.0
274,Kelly,Carter,12/29/1988,England,188,102,27.0,6.0
167,Sarah,Johnson,3/16/1990,Brazil,192,82,28.0,2.0
841,Heather,Patel,7/19/1992,Germany,180,99,28.0,3.0
943,Michele,Cox,1/2/1996,Argentina,207,102,28.0,4.0
647,Lisa,Brooks,12/2/1989,Brazil,191,108,28.0,5.0
819,Melissa,Ryan,2/14/1990,Canada,172,90,28.0,6.0
485,Kristopher,Jones,8/7/1992,Argentina,175,80,28.0,2.0
931,Jennifer,Smith,9/27/1989,Canada,201,103,28.0,3.0
505,Natalie,Hall,3/25/1982,Australia,184,107,28.0,4.0
832,Pamela,Castillo,8/2/1986,France,186,105,28.0,5.0
244,Steven,Morrison,11/7/1996,Brazil,206,80,28.0,6.0
567,Haley,Kelly,8/18/1994,Argentina,198,95,28.0,2.0
876,Tiffany,Madden,11/14/1980,Canada,208,99,28.0,3.0
563,Michael,Eaton,10/16/1996,Brazil,198,106,29.0,4.0
687,Jasmin,Townsend,8/1/1989,Spain,193,91,29.0,5.0
190,Katherine,Johnson,9/4/1992,England,186,87,29.0,6.0
783,Heidi,Gonzalez,12/9/1986,England,173,86,29.0,2.0
700,Andrea,Vincent,4/17/1994,Spain,204,90,29.0,3.0
476,Jason,Martinez,12/4/1986,Brazil,174,75,29.0,4.0
682,Tamara,Williams,6/22/1990,England,182,78,29.0,5.0
511,Julie,Simpson,5/30/1991,France,177,91,29.0,6.0
59,Keith,Nelson,3/31/1988,Argentina,207,85,29.0,2.0
475,Wesley,Simmons,12/31/1986,Germany,203,104,29.0,3.0
561,Ruth,Donaldson,4/14/1987,Canada,196,105,29.0,4.0
857,Frank,Diaz,12/19/1984,France,198,106,29.0,5.0
748,Tanner,Avila,1/9/1995,France,176,80,30.0,6.0
253,Thomas,Jones,5/13/1987,Germany,180,76,30.0,2.0
22,Ashley,Ferguson,3/25/1986,Germany,203,106,30.0,3.0
314,Terry,Bell,6/17/1983,Italy,207,76,30.0,4.0
460,Christopher,Armstrong,10/28/1990,Brazil,177,107,30.0,5.0
161,Savannah,Smith,2/18/1992,Spain,188,98,30.0,6.0
277,Linda,Holland,12/31/1992,France,172,90,30.0,2.0
192,Sheryl,Robinson,11/21/1988,Australia,178,103,30.0,3.0
386,Shannon,Jones,6/25/1995,Canada,175,91,30.0,4.0
806,Ryan,Burton,3/9/1986,Argentina,187,110,30.0,5.0
414,George,Wright,12/31/1984,Germany,180,106,30.0,6.0
492,Aaron,Caldwell,9/14/1988,France,179,92,30.0,2.0
344,Jessica,Young,11/20/1984,Italy,178,99,31.0,3.0
770,Anna,Carey,7/12/1986,Argentina,184,99,31.0,4.0
309,Tracy,Malone,4/21/1984,England,173,82,31.0,5.0
662,Michelle,Hoffman,7/27/1989,Australia,183,77,31.0,6.0
131,Kevin,Glass,2/6/1996,Australia,178,109,31.0,2.0
664,Nicole,Wilson,8/6/1980,France,183,78,31.0,3.0
872,Colton,Barnes,8/18/1984,Canada,182,77,31.0,4.0
100,Jason,Hughes,11/21/1991,Germany,177,95,31.0,5.0
373,Melissa,Woods,5/29/1987,Argentina,184,98,31.0,6.0
88,James,Saunders,9/13/1985,Germany,204,93,31.0,2.0
459,Luke,Rowe,3/12/1985,Argentina,203,106,31.0,3.0
331,Melissa,Mcdonald,10/8/1979,Italy,209,85,31.0,4.0
215,Sandra,Barnett,10/2/1993,USA,190,97,32.0,5.0
467,Nicole,Colon,10/16/1980,Spain,183,78,32.0,6.0
122,Tina,Levy,8/4/1983,Canada,195,88,32.0,2.0
615,Sheila,Norris,5/7/1988,USA,193,99,32.0,3.0
21,Ashley,Webb,6/30/1982,Spain,180,94,32.0,4.0
701,Sarah,Robinson,4/3/1983,France,176,79,32.0,5.0
72,Amber,Carter,4/8/1985,France,181,104,32.0,6.0
107,Abigail,Houston,10/3/1996,Australia,208,80,32.0,2.0
271,Kimberly,Robbins,8/16/1979,USA,174,76,32.0,3.0
861,Michael,Johnson,3/1/1983,Italy,175,104,32.0,4.0
436,Daniel,Bryant,11/29/1985,England,173,84,32.0,5.0
103,Samuel,Willis,12/20/1982,Australia,190,104,32.0,6.0
