PlayerID,FirstName,LastName,DateofBirth,Nationality,Height,Weight
1,Steven,Jackson,9/17/1982,Germany,200,106
2,David,Thomas,12/12/1984,Brazil,181,89
3,Donald,Sanchez,1/1/1985,England,175,87
4,Gerald,Gilbert,7/19/1986,Spain,189,100
5,Craig,Randall,6/29/1986,Argentina,178,98
6,Joseph,Scott,2/8/1986,Germany,172,102
7,Larry,Wright,1/24/1990,Germany,207,106
8,Devon,Clark,11/19/1979,Germany,192,100
9,Kenneth,Moore,5/10/1983,Canada,192,76
10,Michael,Davis,3/21/1988,Germany,187,98
11,Zachary,Adams,12/28/1980,Canada,195,93
12,Hunter,Martinez,1/16/1985,Australia,192,90
13,Christine,Mitchell,11/29/1980,Australia,177,79
14,Michael,Bruce,4/7/1985,England,205,89
15,Traci,Schwartz,1/6/1991,Canada,201,108
16,Elizabeth,Johnson,1/17/1990,Canada,190,84
17,Aaron,Moreno,9/1/1983,Argentina,183,97
18,Leah,Barker,1/23/1996,Spain,174,108
19,Corey,Fischer,1/20/1979,France,199,86
20,Bailey,Elliott,1/28/1993,Italy,183,81
21,Ashley,Webb,6/30/1982,Spain,180,94
22,Ashley,Ferguson,3/25/1986,Germany,203,106
23,Priscilla,Osborn,4/29/1986,Germany,182,97
24,Tiffany,Brandt,5/5/1988,England,193,83
25,Krystal,Meza,11/12/1982,France,202,99
26,Wendy,Howell,11/19/1990,England,188,98
27,Amanda,Schultz,2/24/1986,Spain,198,106
28,Sandra,Davis,10/6/1979,Italy,209,105
29,Michelle,Evans,10/30/1981,Australia,195,104
30,Dustin,Howard,6/24/1981,USA,176,94
31,Leslie,Dorsey,8/9/1993,Canada,182,82
32,Joseph,Williams,11/23/1981,England,185,104
33,Michelle,Newman,12/31/1982,Canada,197,95
34,Raven,Jimenez,7/15/1994,Italy,176,104
35,Ronald,Newton,4/11/1994,USA,180,106
36,Jessica,Jenkins,8/26/1979,Germany,185,94
37,Michelle,Ruiz,2/18/1995,Germany,179,76
38,Andrew,Thompson,12/14/1993,Argentina,202,83
39,Jose,Zhang,2/13/1996,England,210,109
40,Adam,Arias,4/12/1983,Spain,181,79
41,Shawn,Guzman,11/15/1995,Italy,201,93
42,Hannah,Griffith,8/10/1994,Spain,183,85
43,Melissa,Friedman,12/4/1979,France,180,89
44,Allison,Perkins,1/24/1995,Canada,179,84
45,Anne,Brown,8/6/1985,Italy,174,77
46,Mariah,Thomas,11/10/1994,Italy,172,75
47,Jonathan,Hall,5/15/1982,Brazil,209,107
48,Hannah,Baker,2/19/1980,Australia,181,87
49,Janice,Andrews,10/27/1980,USA,181,101
50,Cynthia,Cole,9/9/1992,Brazil,194,87
51,Joshua,Griffin,7/30/1986,USA,179,78
52,Erika,Walters,8/18/1992,USA,196,97
53,Daniel,Marshall,9/26/1983,Canada,188,86
54,Jennifer,Fisher,8/11/1996,Argentina,177,110
55,Valerie,Jackson,10/30/1983,Argentina,176,106
56,Monica,Powell,5/5/1986,Canada,191,82
57,Timothy,Williams,8/2/1992,Germany,207,80
58,Tiffany,Klein,6/19/1979,Italy,183,91
59,Keith,Nelson,3/31/1988,Argentina,207,85
60,Denise,Shields,2/25/1993,Italy,178,81
61,Robert,Clark,12/20/1996,Argentina,190,98
62,Alexis,Russell,11/13/1995,Spain,181,84
63,Jamie,Humphrey,11/21/1993,USA,208,80
64,Louis,White,1/16/1981,Canada,194,102
65,Lance,Butler,8/14/1994,Argentina,189,75
66,Debbie,Burgess,10/12/1980,France,195,84
67,Shelly,Martinez,6/17/1990,Canada,209,106
68,Alexis,Lee,1/27/1979,Spain,176,97
69,Michael,Brooks,6/18/1979,Australia,204,85
70,Michelle,Silva,9/10/1984,England,182,79
71,Melissa,Lucas,1/19/1990,Germany,185,99
72,Amber,Carter,4/8/1985,France,181,104
73,Ryan,Rogers,9/18/1984,Australia,207,103
74,Paul,Miller,4/16/1980,Germany,200,90
75,Kristy,Cole,10/21/1992,Germany,175,106
76,Arthur,Villegas,4/14/1980,Argentina,194,85
77,Lisa,Johnson,11/18/1988,France,209,78
78,Carrie,Rojas,2/25/1986,Germany,187,86
79,Tiffany,Edwards,5/21/1993,Canada,193,78
80,James,Matthews,9/12/1991,Australia,178,82
81,Jennifer,Ellis,1/21/1986,France,189,87
82,Gabriel,Ortiz,7/24/1989,Brazil,180,109
83,Kristina,Jackson,11/7/1992,Spain,174,93
84,Isaac,Wright,12/6/1988,Canada,192,97
85,Sean,Grant,1/16/1984,Spain,186,94
86,Jessica,Edwards,7/28/1985,Argentina,189,92
87,Victor,Dean,1/17/1987,Australia,179,77
88,James,Saunders,9/13/1985,Germany,204,93
89,Michael,Thornton,2/27/1983,Germany,203,95
90,Tony,Morgan,6/28/1991,Australia,192,90
91,Victor,Tate,11/11/1980,Canada,174,83
92,Tanner,Bean,12/19/1994,Brazil,194,77
93,William,Perry,11/30/1982,Germany,207,77
94,Emily,Brown,7/14/1990,France,188,103
95,Ashley,Andrews,2/1/1980,Brazil,176,77
96,Stacey,Chavez,11/3/1980,Brazil,177,101
97,Stacey,Smith,2/27/1991,Canada,189,106
98,Edward,Price,7/3/1989,England,186,96
99,Brandi,King,6/18/1979,Canada,183,89
100,Jason,Hughes,11/21/1991,Germany,177,95
101,Natalie,Smith,2/25/1981,Australia,179,99
102,Jennifer,Robertson,2/5/1981,Argentina,174,82
103,Samuel,Willis,12/20/1982,Australia,190,104
104,Ricardo,Pena,7/3/1993,England,180,80
105,John,Walker,8/29/1996,Australia,208,76
106,Alan,Dixon,1/14/1989,Spain,195,84
107,Abigail,Houston,10/3/1996,Australia,208,80
108,Donald,Castillo,5/20/1994,Canada,206,93
109,Charles,Robles,10/31/1993,Italy,184,109
110,Paul,Gordon,3/12/1993,Germany,178,94
111,Seth,Serrano,4/9/1986,Spain,192,89
112,Nicholas,Williams,1/5/1995,USA,189,106
113,Jessica,Lee,4/6/1985,Spain,179,85
114,Cheryl,Young,3/3/1993,Spain,190,76
115,Adam,Wade,1/8/1989,Argentina,203,97
116,Michelle,Knight,6/7/1986,Australia,198,100
117,Christian,Reyes,4/22/1988,USA,205,91
118,Heather,Davis,7/1/1996,England,181,106
119,Connie,Stokes,1/13/1990,Germany,193,106
120,Johnathan,Davis,9/1/1979,Canada,205,79
121,Michael,Russell,5/1/1993,Australia,187,110
122,Tina,Levy,8/4/1983,Canada,195,88
123,Paul,Jimenez,10/20/1983,Argentina,172,96
124,Crystal,Hart,10/29/1980,Brazil,176,86
125,Richard,Hayes,8/2/1986,England,202,103
126,Jon,Mayer,11/28/1987,Germany,200,83
127,Chelsea,Carroll,11/4/1990,Italy,174,78
128,Kathryn,Hodges,2/10/1988,Canada,180,94
129,Nicole,Hill,6/30/1979,Australia,202,103
130,James,Frye,3/5/1983,France,182,109
131,Kevin,Glass,2/6/1996,Australia,178,109
132,Patricia,Phillips,10/1/1983,Germany,177,107
133,Thomas,Rubio,6/6/1987,England,186,93
134,Mark,Gonzales,7/23/1986,France,187,76
135,William,Mccoy,5/22/1993,England,188,90
136,Ruth,Mann,7/22/1986,Italy,208,110
137,Laura,Allen,8/14/1987,Australia,181,100
138,Nathan,Mcpherson,7/23/1981,Germany,197,93
139,John,Thompson,12/25/1988,USA,207,85
140,Christine,Marks,3/30/1980,France,179,105
141,Jose,Orozco,11/25/1982,Australia,204,105
142,Diana,Scott,9/7/1993,Brazil,199,105
143,Vincent,Christensen,9/28/1981,Argentina,174,81
144,Rhonda,Robinson,7/12/1985,Spain,181,104
145,Stephen,Soto,4/29/1990,USA,188,109
146,Sara,Cowan,6/28/1983,Canada,182,98
147,Denise,Vazquez,2/11/1984,Argentina,204,108
148,Pamela,Ford,6/2/1986,Brazil,206,80
149,Cassandra,Murray,4/3/1987,Spain,191,104
150,Jason,Hill,5/1/1995,Germany,200,82
151,Taylor,Fischer,11/25/1981,Argentina,205,78
152,Ernest,Brown,12/30/1988,England,189,87
153,Taylor,Simpson,7/29/1981,England,191,95
154,Austin,Rich,5/21/1990,USA,200,98
155,Claudia,Travis,6/16/1981,Italy,207,110
156,Christine,Hill,3/30/1980,Canada,188,89
157,Michael,Palmer,5/17/1988,England,181,98
158,Stacey,Erickson,4/8/1995,Brazil,174,107
159,Wendy,Bailey,10/15/1989,Italy,197,83
160,Jesse,Murphy,5/7/1980,Germany,172,98
161,Savannah,Smith,2/18/1992,Spain,188,98
162,Jeffery,Savage,11/17/1993,USA,172,87
163,Tony,Marquez,5/24/1980,Brazil,185,90
164,Thomas,Aguirre,5/4/1988,France,202,80
165,Justin,Velez,7/1/1979,Argentina,203,75
166,Jennifer,Adams,12/17/1979,France,202,106
167,Sarah,Johnson,3/16/1990,Brazil,192,82
168,Annette,Dillon,2/14/1979,Australia,179,102
169,Susan,Terrell,5/7/1984,Brazil,207,75
170,Brenda,Fletcher,5/15/1995,USA,181,97
171,Jonathan,Donaldson,2/23/1981,Brazil,210,106
172,Courtney,Collier,8/17/1992,Brazil,208,80
173,Lorraine,Clark,8/26/1979,England,188,106
174,Roy,Kelley,11/15/1990,Germany,179,96
175,Anita,Mitchell,7/25/1990,Australia,192,104
176,Brittney,Berry,3/11/1983,USA,185,101
177,Joseph,Page,7/4/1986,USA,195,91
178,Jennifer,Clay,8/12/1992,Germany,172,105
179,Ashley,Phillips,3/21/1986,Italy,197,91
180,Andrew,Fitzgerald,5/11/1993,Germany,183,84
181,Jared,Rivera,9/14/1981,Spain,174,88
182,Mark,Rosario,6/11/1993,Argentina,194,81
183,Grant,Ponce,11/25/1986,Brazil,174,107
184,Bradley,Mccarthy,10/12/1995,USA,204,93
185,Caitlin,Cain,8/2/1991,Australia,209,86
186,Danielle,Williams,9/15/1985,England,188,95
187,Christopher,Williams,7/23/1991,Argentina,210,84
188,Lauren,Davidson,8/21/1984,Canada,176,75
189,Hannah,Bryant,2/26/1979,Spain,177,85
190,Katherine,Johnson,9/4/1992,England,186,87
191,Jason,Smith,12/21/1983,Germany,209,104
192,Sheryl,Robinson,11/21/1988,Australia,178,103
193,Mike,Anderson,4/18/1996,Argentina,201,93
194,Benjamin,Bowman,7/2/1985,France,181,76
195,Paul,Rodriguez,11/12/1986,Brazil,173,80
196,Sarah,Porter,12/11/1979,Canada,174,107
197,Keith,Gonzalez,2/18/1981,France,203,103
198,Jesse,Ramsey,1/14/1987,Spain,202,80
199,Kaitlin,Powell,5/3/1984,Germany,174,106
200,Ronald,Lam,3/22/1994,Spain,184,98
201,Melissa,Wood,12/9/1981,England,173,102
202,David,Barnett,3/27/1979,Argentina,200,77
203,Hannah,Ferguson,5/20/1986,Australia,177,90
204,Erica,Shepherd,10/19/1981,Australia,206,93
205,Kimberly,Garcia,8/30/1979,Italy,208,103
206,Darryl,Watts,8/4/1995,France,200,84
207,Sarah,Harris,2/5/1986,Brazil,205,80
208,Lauren,Brown,8/17/1993,USA,191,108
209,Timothy,Park,1/6/1991,Italy,193,91
210,Robert,Vance,4/1/1992,Australia,198,90
211,Joel,Hoffman,8/30/1986,Spain,180,91
212,Roberta,Cortez,9/16/1994,Italy,182,80
213,Bryan,Johnson,2/16/1995,Italy,189,86
214,Jason,Kaiser,9/5/1979,Germany,176,107
215,Sandra,Barnett,10/2/1993,USA,190,97
216,Shannon,Bryant,10/19/1983,Argentina,195,102
217,Ronnie,Bird,12/21/1989,France,181,75
218,Rebecca,Bailey,11/20/1989,USA,205,106
219,Calvin,Smith,11/29/1984,England,177,86
220,David,Burns,11/15/1986,England,188,108
221,John,Banks,9/8/1984,Argentina,205,98
222,Jennifer,Brown,6/16/1982,USA,172,83
223,Bonnie,Gardner,2/23/1983,Germany,196,93
224,James,Moran,10/27/1996,Brazil,203,79
225,Tammy,Johnson,5/12/1983,Argentina,203,110
226,Christopher,Gibson,4/16/1985,Germany,204,84
227,Amy,Bailey,11/30/1985,Australia,194,93
228,Philip,Curtis,2/1/1979,Australia,194,100
229,Carla,Ibarra,2/25/1994,Canada,195,104
230,Wesley,Jennings,8/10/1987,Germany,201,81
231,Carol,Smith,8/30/1986,Australia,179,88
232,Antonio,Simpson,3/29/1995,Spain,204,96
233,Brandon,Davis,10/31/1995,Italy,190,95
234,Jake,Moore,10/4/1996,England,199,110
235,John,Ward,7/15/1996,USA,201,107
236,Michaela,Bean,2/3/1992,Italy,198,89
237,Charles,Collins,2/9/1983,France,210,101
238,Craig,Potts,10/12/1996,Australia,178,103
239,John,Miles,11/6/1986,Canada,204,106
240,Brianna,Gibson,4/18/1992,Spain,186,80
241,Paige,Smith,3/21/1988,Canada,174,89
242,Brian,King,5/11/1984,Argentina,177,104
243,Angela,Ortega,7/5/1981,Australia,192,87
244,Steven,Morrison,11/7/1996,Brazil,206,80
245,Joseph,Bell,12/6/1993,Brazil,182,110
246,Amanda,May,7/13/1996,Australia,180,108
247,Benjamin,Hart,5/13/1986,Argentina,177,76
248,Nathan,Phelps,4/18/1991,Italy,189,93
249,Tyler,Baker,11/26/1983,USA,192,88
250,Colleen,Bartlett,1/21/1995,Spain,174,93
251,Janice,Ray,6/28/1995,Brazil,172,93
252,Christopher,Gonzalez,6/7/1994,Australia,201,98
253,Thomas,Jones,5/13/1987,Germany,180,76
254,David,Best,12/6/1981,Argentina,185,82
255,Christopher,Meadows,12/30/1987,Spain,175,87
256,Rachel,Humphrey,1/31/1989,Australia,206,108
257,Richard,Hill,8/6/1994,Germany,194,95
258,Stephanie,Medina,2/22/1989,Canada,198,102
259,Rachael,Hamilton,3/12/1994,USA,205,76
260,Debbie,Ward,10/29/1986,Brazil,176,102
261,Bryan,Gould,4/2/1979,Australia,187,89
262,Jamie,Jones,7/1/1981,England,188,80
263,Mark,Gonzales,10/3/1996,France,194,94
264,Sandra,Ware,10/10/1980,Spain,183,92
265,Alyssa,Petty,5/4/1995,Argentina,209,102
266,Amy,Jackson,11/6/1984,Italy,185,109
267,Alexandra,Williams,6/6/1991,Australia,181,78
268,Angelica,Brooks,8/22/1991,France,204,90
269,Amy,Obrien,10/6/1996,England,185,102
270,Scott,Schneider,4/16/1982,Australia,209,83
271,Kimberly,Robbins,8/16/1979,USA,174,76
272,Henry,Phillips,1/29/1981,Germany,204,92
273,Melissa,Levine,9/26/1995,Argentina,189,76
274,Kelly,Carter,12/29/1988,England,188,102
275,Brian,Hamilton,3/5/1979,Italy,208,85
276,John,Hunter,9/6/1981,USA,208,106
277,Linda,Holland,12/31/1992,France,172,90
278,Denise,Baker,11/16/1981,France,176,101
279,Kimberly,Hunt,4/25/1991,Argentina,186,99
280,Gregory,Carter,9/5/1981,USA,179,107
281,Jessica,Williams,3/4/1987,France,193,109
282,Mark,Sanders,3/6/1989,Canada,189,90
283,Jonathan,Bowen,7/22/1991,Brazil,207,87
284,Lisa,Richardson,9/21/1992,Argentina,180,110
285,Cynthia,Fowler,7/6/1990,Germany,204,84
286,Susan,Steele,12/7/1996,USA,204,93
287,Jake,Moore,7/23/1986,Germany,203,91
288,Joel,Hamilton,9/26/1987,England,185,106
289,Kathy,Rasmussen,7/1/1985,France,207,76
290,Angela,Wilson,10/19/1983,Germany,192,90
291,Jo,Wilson,2/26/1982,Brazil,176,88
292,Diana,Davis,10/4/1995,Spain,190,108
293,Michelle,Watson,11/5/1991,Italy,206,88
294,Lauren,Hoover,4/17/1994,Spain,188,92
295,Charles,Fields,8/8/1980,Argentina,177,93
296,Meredith,Sanders,7/22/1982,England,172,88
297,Benjamin,Lee,2/17/1987,France,210,83
298,Autumn,Arnold,5/21/1989,Italy,210,86
299,Courtney,Hall,1/19/1983,USA,187,99
300,Deborah,Shaw,1/24/1989,Canada,175,86
301,Leah,Schultz,8/16/1979,England,189,78
302,Amy,Miller,3/1/1994,Germany,200,90
303,Mark,Olson,12/6/1993,Australia,183,86
304,Savannah,Reilly,12/31/1990,Spain,206,89
305,Cathy,Scott,3/25/1981,England,197,81
306,Michael,Espinoza,6/2/1988,Italy,196,99
307,Patricia,Howard,11/27/1992,Germany,187,104
308,Thomas,Reyes,6/16/1986,Germany,181,82
309,Tracy,Malone,4/21/1984,England,173,82
310,Tamara,Wells,1/17/1986,Brazil,195,75
311,Christopher,Burgess,11/7/1996,Brazil,198,107
312,George,Gonzalez,4/5/1987,Brazil,182,102
313,Gerald,Eaton,5/25/1988,Italy,196,89
314,Terry,Bell,6/17/1983,Italy,207,76
315,Alexandra,Anderson,2/27/1995,Italy,194,96
316,Amanda,Mccoy,9/24/1985,Italy,175,94
317,Barbara,Patterson,11/29/1979,Germany,184,80
318,Lindsey,Lee,6/21/1987,Spain,173,97
319,Zachary,Myers,2/25/1988,Argentina,176,86
320,Dana,Thomas,12/29/1987,Canada,173,80
321,Jennifer,Banks,12/5/1996,Brazil,193,89
322,Angela,Jordan,6/27/1992,Brazil,179,99
323,Justin,Williams,5/6/1992,Australia,194,98
324,Angela,Welch,4/23/1980,Argentina,186,103
325,Jared,Shepherd,1/4/1989,Brazil,196,108
326,Zachary,Miller,3/18/1979,Italy,178,101
327,Jennifer,Kent,10/23/1996,Australia,198,87
328,Ana,Allen,8/24/1982,Argentina,202,90
329,Justin,Reed,9/15/1986,Germany,181,85
330,Carrie,George,4/14/1983,Argentina,195,94
331,Melissa,Mcdonald,10/8/1979,Italy,209,85
332,Natasha,Gregory,12/16/1987,Germany,209,83
333,Austin,Gonzalez,6/4/1996,Germany,174,89
334,Timothy,Cross,3/27/1987,Argentina,210,85
335,Teresa,Baker,11/1/1994,England,174,76
336,Katelyn,Davis,5/3/1987,Spain,177,88
337,Mark,Davis,12/7/1979,France,175,108
338,David,Blake,12/2/1981,Australia,208,81
339,Judith,Wade,7/26/1988,USA,197,85
340,Stephanie,Wang,8/17/1981,Canada,200,109
341,Kristin,Wright,1/18/1988,Argentina,173,78
342,Cynthia,Turner,4/16/1982,Argentina,197,84
343,Hailey,Johnson,4/29/1980,Italy,188,109
344,Jessica,Young,11/20/1984,Italy,178,99
345,Christopher,Wright,10/21/1984,Argentina,174,77
346,Yvonne,Cochran,7/6/1991,France,208,80
347,Robert,Brown,10/11/1981,France,209,110
348,Christopher,Owen,8/14/1983,Argentina,194,75
349,Kelly,Santos,10/24/1987,Australia,196,87
350,James,Leon,4/12/1985,Argentina,207,107
351,Monica,Brown,11/10/1985,Spain,207,75
352,Elizabeth,Fisher,12/18/1989,Canada,206,78
353,Eric,Martinez,10/14/1996,Italy,182,92
354,Joseph,Hull,4/23/1988,Brazil,208,96
355,Melanie,Edwards,10/27/1991,Argentina,200,87
356,Kerry,Rogers,7/7/1985,USA,180,91
357,Sheila,Randolph,11/1/1989,Spain,188,75
358,Taylor,Craig,12/20/1996,Argentina,198,77
359,Christopher,West,6/7/1995,Argentina,176,83
360,Jermaine,Edwards,2/13/1987,Argentina,199,85
361,Paul,Lee,11/18/1993,Canada,187,76
362,Melanie,Young,3/14/1982,France,208,104
363,Kyle,Combs,3/19/1989,Germany,179,102
364,Katherine,Bryan,12/15/1988,Germany,182,105
365,Kimberly,Wright,1/10/1981,Canada,172,88
366,Roberto,Carr,7/3/1983,Canada,187,94
367,Victoria,Lee,7/11/1986,France,186,77
368,Nicole,Hoffman,6/5/1987,France,183,81
369,Margaret,Lee,3/21/1983,Canada,210,96
370,Samantha,Winters,3/29/1990,Italy,194,81
371,Bethany,Smith,3/18/1991,Argentina,186,88
372,Douglas,Bradley,2/1/1996,England,199,109
373,Melissa,Woods,5/29/1987,Argentina,184,98
374,Matthew,Thompson,5/11/1980,USA,182,105
375,Nicole,Kirk,10/29/1996,Canada,188,95
376,Paul,Cameron,7/5/1992,USA,203,100
377,Jacqueline,Hall,7/27/1991,Brazil,182,101
378,Timothy,Moss,6/25/1981,Spain,175,102
379,Paula,Hickman,12/12/1995,Spain,204,100
380,Melissa,Hernandez,9/6/1979,Brazil,180,107
381,Andrew,Smith,5/28/1990,Argentina,200,103
382,Patrick,Pearson,8/11/1984,Brazil,207,77
383,Derek,Elliott,8/22/1994,Germany,187,110
384,Dylan,Moon,7/18/1993,Australia,204,98
385,Kayla,Martin,5/24/1983,Australia,197,94
386,Shannon,Jones,6/25/1995,Canada,175,91
387,Curtis,Malone,3/13/1992,Brazil,192,76
388,Brittany,Hall,7/6/1992,Spain,186,107
389,Christopher,Garcia,3/26/1993,France,181,104
390,Anne,Gordon,8/5/1988,Argentina,195,76
391,Melody,Elliott,1/30/1993,USA,195,106
392,Laura,Coleman,4/25/1990,Argentina,203,85
393,Austin,Carter,11/8/1984,Spain,172,92
394,John,Martin,8/1/1994,Australia,208,110
395,Miranda,Cannon,3/14/1990,England,204,82
396,Ryan,Wade,1/29/1993,Spain,174,86
397,Valerie,Hudson,5/31/1995,Australia,186,81
398,Daniel,Franklin,7/31/1980,USA,177,90
399,Jonathan,Lara,3/4/1987,Germany,184,78
400,John,Stevens,4/11/1991,Argentina,182,103
401,Anna,Cooley,6/23/1992,Italy,205,90
402,James,Warren,3/8/1996,Spain,185,81
403,Robin,Ramirez,6/30/1979,Germany,196,77
404,Monica,David,9/16/1979,Australia,206,109
405,Danielle,Taylor,10/6/1980,Argentina,198,108
406,Melissa,Hoover,11/15/1981,Germany,182,99
407,Jeremy,Taylor,6/26/1980,Canada,173,89
408,Gina,Diaz,12/2/1995,England,196,95
409,Trevor,Tyler,11/12/1996,Spain,190,81
410,Raymond,Pennington,12/5/1988,France,186,89
411,Patricia,Stewart,2/15/1996,Spain,197,80
412,Eric,Diaz,11/22/1980,Canada,209,91
413,Troy,Edwards,2/10/1979,Argentina,202,78
414,George,Wright,12/31/1984,Germany,180,106
415,Alejandro,Norris,3/8/1996,Argentina,206,98
416,Samantha,Barton,11/19/1996,England,205,76
417,Chris,Hood,3/10/1982,Italy,190,96
418,Stephen,Barton,7/23/1989,Italy,197,90
419,Michele,Holder,6/28/1990,Australia,204,97
420,Eric,Harrison,11/25/1985,Germany,199,84
421,Sean,Allen,9/18/1994,Canada,184,81
422,Andrew,Gardner,2/18/1996,England,201,106
423,Sharon,Jones,6/15/1985,England,209,94
424,Carrie,Green,9/28/1987,England,194,100
425,Courtney,Lloyd,8/8/1990,England,190,96
426,Stacey,Smith,8/20/1984,Australia,185,89
427,Brian,Mueller,11/18/1993,Australia,197,76
428,Catherine,Wheeler,11/6/1982,Italy,184,106
429,Kellie,Murillo,2/12/1990,Canada,188,80
430,Paul,Murphy,12/5/1984,Germany,210,89
431,Audrey,Mccall,5/23/1984,England,180,109
432,Michael,Watkins,7/21/1982,England,175,104
433,Cynthia,Petty,8/24/1994,USA,192,84
434,David,Jones,4/30/1994,England,195,84
435,Gregory,Williams,6/30/1982,England,196,110
436,Daniel,Bryant,11/29/1985,England,173,84
437,Erica,Medina,10/8/1989,Italy,186,78
438,Sandra,Perry,5/22/1990,France,198,94
439,Russell,Roberson,2/7/1995,Italy,201,103
440,Mark,Taylor,9/1/1983,England,191,101
441,Melissa,Armstrong,9/16/1988,France,202,103
442,Megan,Simmons,9/15/1990,Spain,193,104
443,Paige,Carson,8/13/1994,Brazil,187,93
444,David,Carrillo,11/27/1996,France,194,84
445,Megan,Rogers,10/6/1991,Canada,196,83
446,Laurie,Davis,8/13/1992,Canada,182,104
447,Brett,Perkins,1/2/1992,Germany,186,84
448,Daniel,Sanders,6/22/1993,Canada,187,77
449,Jennifer,Smith,1/25/1993,Australia,197,91
450,Timothy,Harrison,3/12/1985,USA,193,78
451,Andrew,Medina,9/18/1985,Germany,210,86
452,Dawn,Johnston,5/14/1993,Australia,174,94
453,Kristopher,Scott,10/9/1987,Italy,175,91
454,Matthew,Walker,11/25/1986,Germany,199,90
455,Miranda,Jones,5/18/1990,Argentina,176,77
456,Lisa,Martin,10/5/1987,Australia,203,99
457,David,Goodwin,2/26/1996,USA,199,79
458,Mark,Molina,8/23/1984,Brazil,181,84
459,Luke,Rowe,3/12/1985,Argentina,203,106
460,Christopher,Armstrong,10/28/1990,Brazil,177,107
461,James,Payne,3/15/1990,USA,194,93
462,Chelsea,Estrada,3/19/1982,France,190,83
463,Justin,Byrd,3/13/1988,Argentina,193,92
464,Amanda,Moran,11/19/1987,France,198,76
465,Hannah,Edwards,3/7/1984,Germany,189,100
466,Tammy,Dennis,6/8/1984,Argentina,208,96
467,Nicole,Colon,10/16/1980,Spain,183,78
468,Bruce,Lara,3/24/1990,France,180,87
469,Anthony,Gilbert,3/6/1988,Germany,175,104
470,Craig,Sanchez,11/27/1993,Australia,190,84
471,Lisa,Burton,3/6/1994,Spain,188,109
472,Katherine,Meyers,4/18/1986,England,173,91
473,Raymond,Woodard,8/26/1993,Italy,197,94
474,Grant,Bush,4/1/1995,Spain,189,81
475,Wesley,Simmons,12/31/1986,Germany,203,104
476,Jason,Martinez,12/4/1986,Brazil,174,75
477,Michael,Chavez,12/11/1993,Italy,198,101
478,Jeffrey,Banks,6/2/1989,Germany,194,84
479,Samuel,Mullins,4/30/1983,Italy,202,91
480,Emily,Holland,5/20/1996,Italy,180,95
481,Brian,Mitchell,12/14/1982,France,203,99
482,Timothy,Ramos,1/16/1981,France,195,105
483,Dawn,Mata,2/5/1990,Australia,197,89
484,Tony,Mcneil,4/25/1990,Germany,196,78
485,Kristopher,Jones,8/7/1992,Argentina,175,80
486,Timothy,Carlson,8/31/1982,Germany,192,79
487,Danielle,Wilson,10/27/1980,Italy,191,89
488,Zachary,Perez,2/14/1980,France,177,87
489,William,Le,9/4/1980,Italy,187,90
490,Tami,Reid,9/12/1979,Argentina,180,87
491,Melissa,Simon,8/16/1983,England,173,101
492,Aaron,Caldwell,9/14/1988,France,179,92
493,Kristine,Jennings,8/29/1985,Argentina,199,105
494,Danielle,Gonzalez,8/21/1995,Italy,188,105
495,Daniel,Martinez,4/11/1995,Brazil,190,78
496,Molly,Morris,7/30/1995,USA,187,110
497,Krista,Henry,8/21/1989,Spain,200,77
498,Matthew,Kennedy,3/21/1996,Argentina,185,98
499,Michele,Ryan,12/29/1995,England,183,110
500,Sherry,Parker,8/6/1990,Argentina,208,81
501,Juan,Pham,5/13/1989,England,205,96
502,Joshua,Meyer,9/16/1990,Australia,190,95
503,Michael,Howard,6/27/1993,Australia,173,89
504,Shannon,Mcfarland,8/21/1989,Argentina,177,102
505,Natalie,Hall,3/25/1982,Australia,184,107
506,Derrick,Finley,10/1/1985,Argentina,172,94
507,Margaret,Brown,2/18/1985,Italy,209,107
508,Michael,Carter,7/9/1990,Spain,190,89
509,Alexander,Sutton,5/10/1986,Argentina,184,107
510,Brittney,Allen,5/21/1996,Australia,198,97
511,Julie,Simpson,5/30/1991,France,177,91
512,Alexander,Johnson,8/31/1987,France,173,90
513,Cheryl,Mendoza,5/9/1988,Italy,175,110
514,Carolyn,Evans,4/19/1984,France,192,108
515,Lauren,Jones,11/8/1982,Argentina,208,95
516,Arthur,Craig,5/27/1992,Germany,206,99
517,Tyler,Robinson,7/22/1982,Argentina,177,106
518,Emily,Gray,6/16/1994,Australia,207,98
519,Jesse,Wilson,8/6/1994,Italy,177,75
520,Zachary,Moore,2/5/1984,Canada,207,80
521,Lauren,Acosta,7/24/1982,USA,190,103
522,Loretta,Dickerson,10/13/1988,USA,178,82
523,Bernard,Clark,8/12/1985,Canada,175,98
524,Laura,Benton,9/25/1981,Canada,173,84
525,Pamela,Wright,11/25/1983,France,175,93
526,Katherine,Riley,10/9/1994,Italy,184,78
527,Philip,Wells,8/9/1991,Brazil,201,90
528,Neil,Cook,1/4/1987,France,206,108
529,Heather,Martin,4/25/1990,Argentina,177,86
530,Daniel,Olson,11/18/1994,England,174,93
531,Kellie,Robles,3/14/1991,Argentina,204,94
532,Logan,Weiss,4/29/1989,Canada,187,95
533,Christopher,Davis,1/28/1982,Italy,204,100
534,Michele,Hanson,1/23/1983,Canada,195,78
535,Mitchell,Mcdonald,2/2/1993,Spain,209,97
536,Anthony,Barnes,7/19/1988,Argentina,203,94
537,Chad,Evans,10/26/1980,Germany,198,104
538,James,Hernandez,7/13/1995,Italy,175,78
539,Lynn,Wilcox,4/18/1982,Brazil,183,90
540,Anthony,Alvarez,8/13/1990,England,188,100
541,Caitlin,Norton,4/8/1986,Italy,201,85
542,Mary,Barnett,9/29/1984,Argentina,206,101
543,Jaime,Gomez,7/26/1987,Brazil,205,90
544,Colleen,Martinez,6/2/1993,Italy,190,92
545,Mario,White,6/4/1982,England,192,98
546,Jennifer,Conrad,11/11/1981,Australia,180,88
547,Michael,Evans,11/21/1996,England,194,107
548,Nancy,Harper,8/17/1981,Canada,179,109
549,David,Carter,10/25/1979,England,176,108
550,Justin,Walters,6/12/1979,Argentina,204,78
551,Amanda,Fox,8/30/1987,Canada,203,82
552,Jonathan,Taylor,1/21/1991,Australia,188,104
553,Daniel,Harris,2/17/1995,Germany,204,102
554,Craig,Velasquez,10/28/1995,Australia,177,110
555,Nancy,Nelson,9/1/1983,Brazil,202,106
556,Timothy,Williams,5/16/1992,Australia,208,80
557,Jonathan,Carter,4/30/1984,France,183,98
558,Shelby,Mclaughlin,2/14/1982,Argentina,207,88
559,Elizabeth,Brewer,5/1/1989,Germany,210,93
560,Christopher,Garcia,12/14/1990,Canada,178,87
561,Ruth,Donaldson,4/14/1987,Canada,196,105
562,Jason,Wheeler,6/23/1982,Spain,187,81
563,Michael,Eaton,10/16/1996,Brazil,198,106
564,Alexander,Dunn,4/19/1994,Argentina,184,86
565,Wendy,Cross,9/1/1990,Argentina,195,108
566,Lori,Arnold,1/27/1983,Germany,208,96
567,Haley,Kelly,8/18/1994,Argentina,198,95
568,Nicole,Evans,1/10/1993,Spain,174,104
569,Joseph,Schultz,8/13/1995,Italy,192,104
570,Robert,Fleming,4/11/1980,France,207,109
571,Billy,Perez,1/14/1992,Brazil,195,105
572,Sheila,Clark,1/24/1984,Italy,199,84
573,Arthur,Nunez,3/31/1995,Australia,183,77
574,Amy,Flowers,12/2/1996,Brazil,175,89
575,Crystal,Hernandez,5/25/1993,USA,188,82
576,Alyssa,Cochran,3/21/1985,Spain,180,75
577,Dylan,Miller,10/22/1986,Germany,187,86
578,David,Mann,11/2/1982,Germany,193,78
579,Jason,Terry,2/16/1990,Australia,192,110
580,Shelley,Moore,6/11/1992,Australia,178,90
581,Kimberly,Taylor,12/12/1995,Spain,184,87
582,Jon,Andrews,3/22/1985,Germany,206,86
583,Joshua,Brown,10/8/1986,Australia,175,76
584,Richard,Manning,4/29/1994,Italy,186,94
585,Alan,Fletcher,4/24/1979,England,185,107
586,Rebecca,Moore,11/26/1987,Spain,195,96
587,Kyle,Anderson,11/17/1983,Canada,190,110
588,Victoria,Joyce,12/27/1985,Germany,207,98
589,Rebecca,Gonzales,10/2/1991,Italy,205,100
590,Adam,Martinez,6/30/1989,Brazil,181,109
591,Michelle,Wagner,11/24/1979,France,203,85
592,Lindsey,Cameron,12/7/1984,England,200,108
593,Kelly,Thomas,5/3/1995,France,188,84
594,Jacob,Wright,7/30/1991,Canada,185,78
595,Adam,Parks,12/8/1996,Germany,203,100
596,Lisa,Andrade,6/16/1989,Italy,184,103
597,Laura,Shaw,3/2/1979,Argentina,197,86
598,Matthew,Lewis,4/30/1980,England,175,92
599,Tracy,Cain,10/17/1989,Germany,203,81
600,John,Smith,5/25/1995,France,179,80
601,Becky,Allen,4/28/1980,USA,194,81
602,David,Anderson,5/20/1986,Australia,200,77
603,Eugene,Farrell,10/23/1989,Canada,189,90
604,Tiffany,Murphy,8/13/1988,France,195,95
605,Laura,Meyer,8/5/1982,Germany,179,83
606,Barbara,Rasmussen,2/13/1983,Italy,207,103
607,Eric,Reed,2/5/1987,Brazil,193,84
608,Donna,May,4/4/1988,France,207,87
609,Jennifer,Henderson,7/25/1995,Germany,179,94
610,Bryan,Guzman,9/7/1983,USA,184,88
611,Scott,Elliott,2/17/1995,France,174,107
612,Daniel,Gutierrez,12/6/1979,USA,180,98
613,Michael,Morgan,1/8/1985,Canada,185,101
614,David,Hall,12/29/1985,France,186,87
615,Sheila,Norris,5/7/1988,USA,193,99
616,Heidi,Dawson,3/22/1984,Canada,190,92
617,Andre,Mendez,2/19/1992,England,191,88
618,Cheryl,Arnold,5/26/1996,Spain,203,93
619,Dylan,Day,3/2/1982,France,173,95
620,Rachel,Gross,5/31/1992,Spain,181,96
621,Henry,Thompson,1/21/1992,Argentina,192,94
622,Kelly,Davidson,10/28/1991,Spain,174,97
623,Justin,Sutton,7/6/1984,England,196,101
624,Vincent,Thomas,2/8/1995,France,189,103
625,Alexis,Christensen,2/14/1986,Argentina,205,103
626,Annette,Soto,2/24/1993,Canada,192,85
627,Julie,Ward,6/10/1986,Brazil,196,110
628,Alexa,Davis,6/19/1995,Germany,179,107
629,David,Horton,4/1/1986,England,200,99
630,Tyler,Carter,4/16/1982,Argentina,201,101
631,Maria,Lewis,10/13/1984,USA,177,86
632,Ernest,Miller,12/11/1989,France,176,91
633,Angelica,Boone,9/20/1987,Italy,200,109
634,Nicholas,Lane,10/27/1995,Brazil,208,102
635,Laura,Cummings,10/8/1983,Italy,192,78
636,Cole,Petersen,5/14/1985,USA,198,82
637,Joseph,Williams,9/22/1985,Germany,204,109
638,Ryan,Jones,10/22/1987,Canada,210,97
639,Pamela,Lee,3/28/1991,Brazil,196,97
640,John,Allen,12/17/1982,USA,194,102
641,Jeremy,Lopez,11/27/1989,Canada,193,78
642,Albert,Williams,11/7/1988,Brazil,188,84
643,Ryan,Lopez,5/22/1982,England,201,82
644,Donald,Fisher,11/10/1982,Spain,200,96
645,Gina,Davis,9/29/1983,Italy,196,91
646,Sherry,Howard,8/10/1983,France,184,107
647,Lisa,Brooks,12/2/1989,Brazil,191,108
648,Kristina,Simpson,9/10/1980,Spain,189,104
649,Cynthia,Jones,10/24/1980,Australia,173,101
650,Jesus,Rojas,2/17/1996,Australia,187,90
651,James,Reid,3/24/1985,England,207,108
652,Adrian,Black,8/8/1989,Australia,191,110
653,Allison,Barr,6/5/1993,Canada,184,83
654,Dennis,Johnson,1/3/1996,England,210,84
655,Nicole,Ferrell,12/29/1992,Canada,210,102
656,Adam,Bennett,2/6/1988,Australia,195,107
657,Alexander,Rivera,9/19/1983,England,210,85
658,Ronald,Allen,7/8/1985,England,208,104
659,Shannon,Kim,9/27/1992,Canada,194,107
660,William,Rodriguez,6/27/1993,Italy,195,85
661,Julie,Martinez,7/25/1987,England,203,77
662,Michelle,Hoffman,7/27/1989,Australia,183,77
663,Laura,Smith,8/27/1993,Australia,172,85
664,Nicole,Wilson,8/6/1980,France,183,78
665,Nicholas,Brady,10/31/1983,France,176,105
666,Dawn,Flores,1/12/1984,Canada,203,92
667,Louis,Webb,6/12/1984,Argentina,201,88
668,Lori,Cobb,12/27/1992,Australia,196,92
669,Rodney,Hayes,1/8/1993,Germany,190,75
670,Margaret,Watkins,1/15/1987,Spain,184,91
671,Sarah,House,12/28/1985,Italy,185,106
672,Richard,Jordan,10/21/1992,France,177,104
673,Erik,Fletcher,8/28/1994,Spain,172,94
674,Cathy,Thomas,5/30/1990,Germany,204,102
675,Erica,Munoz,6/2/1992,Germany,206,81
676,Bryan,Morrison,9/15/1988,Australia,185,81
677,Jason,Solis,10/19/1979,Australia,198,76
678,Robert,Jones,6/29/1979,France,172,88
679,Jeffrey,Gibbs,6/19/1984,Australia,191,77
680,Charles,Oconnor,9/20/1985,France,177,107
681,Michael,Watson,10/7/1990,Brazil,203,99
682,Tamara,Williams,6/22/1990,England,182,78
683,Roy,Wells,11/2/1996,Spain,190,86
684,Rodney,Whitehead,12/12/1984,France,187,91
685,Maria,Jackson,10/21/1984,USA,173,106
686,John,Mills,9/16/1996,Canada,206,98
687,Jasmin,Townsend,8/1/1989,Spain,193,91
688,Julie,Hayes,10/18/1992,Brazil,204,87
689,Dustin,Smith,10/27/1985,Canada,180,102
690,Mark,Peterson,11/12/1979,Argentina,182,91
691,Amanda,Fitzgerald,5/18/1989,Spain,175,110
692,Deanna,Johnson,6/15/1992,Canada,177,101
693,Travis,Johnson,1/11/1994,Italy,191,79
694,Austin,Cortez,4/12/1985,Canada,184,109
695,Steven,Meyer,11/22/1996,Australia,183,91
696,Gerald,Terry,10/10/1982,USA,182,99
697,Joseph,Torres,7/3/1994,Spain,195,80
698,James,Miller,10/25/1985,Spain,210,101
699,Jonathan,Lyons,3/11/1987,Australia,200,84
700,Andrea,Vincent,4/17/1994,Spain,204,90
701,Sarah,Robinson,4/3/1983,France,176,79
702,Bradley,Guzman,10/13/1988,Spain,173,83
703,Justin,Delgado,12/26/1989,England,205,85
704,Mary,Smith,8/31/1988,Canada,207,81
705,Carlos,Hutchinson,3/15/1985,Germany,196,88
706,Joshua,Olson,12/18/1993,Argentina,188,78
707,Nancy,Gonzalez,9/29/1996,France,176,101
708,Julia,Roman,9/8/1986,Canada,188,101
709,Daniel,Roberts,10/6/1988,Italy,198,101
710,Patricia,Owens,6/20/1996,England,185,103
711,Lawrence,Cobb,8/16/1996,Italy,197,75
712,Paula,Powell,8/26/1993,Italy,198,78
713,Angela,Hurst,1/13/1981,Italy,189,107
714,Jack,Bell,7/28/1981,Australia,204,86
715,Brooke,Lane,6/18/1988,Canada,185,109
716,Diana,Rojas,5/24/1989,Germany,191,104
717,Brittany,Franklin,4/19/1981,Canada,188,108
718,Patrick,Santos,7/28/1985,Argentina,178,110
719,Julie,Avery,10/2/1986,France,178,85
720,Cathy,Stevens,6/30/1995,Italy,197,90
721,Amanda,Gonzalez,10/30/1987,Germany,181,94
722,Kristin,Wheeler,7/18/1995,Italy,207,91
723,Kayla,Bowers,9/28/1985,Brazil,210,77
724,James,Stevens,9/7/1991,England,206,81
725,Heather,Moore,11/30/1980,Spain,188,89
726,Thomas,Perez,8/10/1995,Canada,203,99
727,Kyle,Lee,1/15/1985,Australia,205,81
728,Sarah,Bryant,8/11/1988,USA,208,97
729,Cindy,Owen,9/5/1986,Australia,187,107
730,Timothy,Henderson,11/4/1995,Germany,192,82
731,Sarah,Mccall,1/31/1994,Canada,193,85
732,Kerry,Levine,8/31/1979,France,175,90
733,Ashley,Guzman,5/12/1985,France,187,109
734,Gary,Lyons,10/4/1994,Argentina,190,85
735,Amanda,Roy,11/7/1984,England,201,94
736,David,Mills,2/9/1982,Argentina,181,81
737,Jacob,Castillo,4/17/1979,Italy,208,97
738,Michelle,Foster,11/14/1996,Argentina,201,92
739,Kevin,Hill,10/30/1981,Spain,198,87
740,Robert,Browning,8/17/1981,Germany,172,86
741,Debra,Lee,1/3/1982,Spain,185,99
742,Craig,Ferguson,4/9/1990,Brazil,191,80
743,Catherine,Rose,5/4/1986,USA,182,77
744,Phillip,Wagner,5/3/1994,France,181,100
745,Frank,Crawford,5/6/1985,Spain,208,93
746,April,Patterson,5/17/1992,Brazil,188,84
747,Christina,Strickland,9/20/1985,Germany,185,102
748,Tanner,Avila,1/9/1995,France,176,80
749,Michael,Ramirez,4/26/1987,Germany,174,99
750,Kelly,Price,7/26/1987,Argentina,207,110
751,Tony,Shepard,5/12/1994,Argentina,187,107
752,Peter,Davis,9/19/1996,Germany,182,92
753,Shirley,Gutierrez,10/11/1983,USA,191,103
754,Janet,Hart,7/18/1993,Spain,180,83
755,Amanda,Cole,12/30/1993,USA,202,103
756,Luis,Stanley,12/3/1985,Spain,201,78
757,Dawn,Terrell,1/22/1979,Spain,208,101
758,Karen,Mata,4/7/1994,England,174,82
759,Pamela,Clayton,3/19/1993,USA,189,75
760,Eugene,Diaz,5/4/1988,Argentina,186,99
761,April,Hall,12/24/1982,Argentina,192,105
762,Joshua,Suarez,11/16/1992,England,204,76
763,Stephen,Stanley,7/31/1984,Canada,174,94
764,Benjamin,Logan,1/12/1989,Spain,209,95
765,Tiffany,Stokes,1/10/1983,Canada,182,103
766,Matthew,Lee,4/29/1990,Canada,192,100
767,Tyler,Howell,12/20/1985,Brazil,196,97
768,Marcia,Wright,9/23/1985,France,205,78
769,Taylor,Leon,10/10/1987,England,188,86
770,Anna,Carey,7/12/1986,Argentina,184,99
771,Shelia,Jackson,12/4/1989,Spain,197,93
772,Lisa,Padilla,12/28/1995,Argentina,188,102
773,Jesse,Torres,4/27/1990,Argentina,208,93
774,Lynn,Rich,11/22/1993,Germany,174,95
775,Jessica,Zimmerman,10/30/1994,Italy,209,109
776,Michael,Morgan,12/8/1990,Spain,181,86
777,Karen,Price,9/25/1993,England,182,76
778,Matthew,Moreno,5/16/1986,Canada,188,109
779,Leslie,Mcconnell,3/9/1990,France,197,84
780,Anthony,Gray,8/21/1996,Brazil,196,107
781,Victor,Young,3/31/1984,England,208,75
782,Tammy,Frank,1/21/1993,Argentina,208,97
783,Heidi,Gonzalez,12/9/1986,England,173,86
784,Jeanette,Wise,1/4/1981,France,183,102
785,Heidi,Young,10/2/1996,USA,182,94
786,Melanie,Chan,5/26/1986,Italy,201,99
787,Renee,Berg,2/1/1988,Spain,194,100
788,Kimberly,Clark,10/13/1980,Italy,174,77
789,Keith,York,3/2/1992,Italy,197,85
790,Kendra,Ferguson,8/6/1994,USA,185,108
791,Michael,Hernandez,1/22/1982,USA,174,75
792,Melissa,Ramirez,1/18/1987,Canada,178,85
793,Bianca,Campbell,9/28/1979,France,203,101
794,Ronnie,Hughes,3/12/1991,England,181,101
795,Melinda,Chavez,6/22/1979,Brazil,182,80
796,Kristen,Gutierrez,12/8/1987,Italy,175,109
797,Scott,Rodriguez,6/14/1994,Australia,185,92
798,Jared,Galloway,7/1/1994,Argentina,190,101
799,Bobby,Johnson,8/21/1989,Argentina,202,100
800,Phillip,Parrish,2/4/1995,Italy,192,105
801,Jason,Rangel,10/16/1981,Canada,185,95
802,David,Ortiz,1/9/1985,Argentina,205,96
803,Mary,Smith,3/6/1987,Australia,201,95
804,Nicole,Schaefer,4/3/1980,Germany,200,88
805,Sandra,Hill,2/24/1981,Brazil,172,90
806,Ryan,Burton,3/9/1986,Argentina,187,110
807,Emily,Armstrong,7/20/1985,Australia,208,77
808,Angela,Turner,6/12/1991,Canada,201,79
809,Kimberly,Phelps,11/18/1991,Argentina,173,108
810,Philip,Castro,1/21/1983,Brazil,193,106
811,Gregory,Ryan,7/14/1981,Italy,180,77
812,Dawn,Nelson,1/17/1987,Argentina,181,97
813,Carrie,Lee,1/4/1984,England,202,97
814,Anthony,Kelly,7/10/1991,Canada,189,95
815,Lonnie,Spence,3/14/1981,USA,183,77
816,Aaron,Curtis,6/15/1988,England,205,76
817,Bruce,Miller,10/7/1993,Spain,172,87
818,Amanda,Jackson,5/16/1990,Canada,201,106
819,Melissa,Ryan,2/14/1990,Canada,172,90
820,Nicholas,Wallace,3/21/1981,Canada,204,90
821,Gregory,Jordan,1/14/1982,Canada,205,100
822,Jacqueline,Anderson,6/2/1986,Australia,188,76
823,Amanda,Brown,4/15/1988,Argentina,199,95
824,Tiffany,Jackson,4/15/1980,Australia,180,97
825,Tiffany,Koch,7/8/1980,Canada,188,88
826,Diana,Kennedy,10/7/1989,England,189,83
827,Jerry,Eaton,12/4/1990,USA,210,102
828,Brittney,Rodriguez,12/20/1980,Italy,192,100
829,Leonard,Roberts,2/5/1982,Argentina,208,76
830,Jeffrey,Johnson,4/16/1989,Brazil,198,95
831,Charlene,Richards,7/27/1983,Germany,192,93
832,Pamela,Castillo,8/2/1986,France,186,105
833,Michele,Walsh,6/26/1994,Spain,185,96
834,Jonathan,Pham,11/3/1989,Germany,205,105
835,Richard,Chapman,10/5/1990,France,197,84
836,Tracy,Ellis,8/23/1991,France,175,87
837,Clifford,Trujillo,4/11/1979,USA,177,81
838,Kelsey,Hudson,1/29/1993,Spain,181,100
839,Debra,Gutierrez,1/24/1990,Germany,172,78
840,Patty,Harris,7/6/1991,France,185,110
841,Heather,Patel,7/19/1992,Germany,180,99
842,Rachel,Washington,9/12/1990,Brazil,210,102
843,Craig,Carpenter,10/24/1983,Germany,196,79
844,Ronald,Rodriguez,9/26/1993,England,181,106
845,Edward,White,5/6/1988,France,195,90
846,Jill,Summers,8/3/1986,Canada,199,101
847,Vanessa,Davis,1/25/1996,Germany,181,102
848,William,Sanchez,8/7/1981,Australia,196,90
849,William,Gray,1/15/1982,Canada,187,97
850,David,Shea,9/6/1990,Brazil,178,100
851,Roberta,Ward,5/25/1992,Italy,181,81
852,Angelica,Cox,10/16/1979,England,200,86
853,Christine,Keller,6/17/1982,Spain,191,89
854,Douglas,Moran,5/10/1990,Canada,203,101
855,Pamela,Ramos,5/20/1992,Australia,206,94
856,Bradley,Price,12/16/1993,France,191,100
857,Frank,Diaz,12/19/1984,France,198,106
858,Crystal,Garcia,3/28/1979,England,199,85
859,Rachel,Hamilton,7/22/1992,USA,210,97
860,William,Barrett,4/19/1986,Spain,177,100
861,Michael,Johnson,3/1/1983,Italy,175,104
862,Jaime,Shepard,8/22/1985,Canada,199,103
863,Rebekah,Meyers,9/4/1994,USA,201,105
864,Samantha,Harmon,2/24/1984,France,174,90
865,Lori,Ray,11/26/1993,France,177,77
866,Cheryl,Bell,1/22/1991,Argentina,205,75
867,Tina,Mays,10/9/1995,Spain,193,101
868,Antonio,Sanders,2/22/1991,Spain,204,76
869,Stephen,West,8/23/1983,Italy,207,85
870,Kristin,Miller,3/15/1985,Italy,179,80
871,Matthew,Morris,6/26/1986,Italy,173,77
872,Colton,Barnes,8/18/1984,Canada,182,77
873,Jeremy,Cooper,9/2/1986,France,185,79
874,Eric,Hawkins,10/7/1991,Canada,196,82
875,Jesse,Turner,5/7/1984,France,200,85
876,Tiffany,Madden,11/14/1980,Canada,208,99
877,Malik,Curry,3/19/1984,Argentina,206,96
878,Curtis,Harrison,10/5/1980,Australia,178,96
879,John,Glover,5/2/1983,Spain,205,88
880,Steven,Jones,2/25/1996,Germany,191,106
881,Martin,Stafford,5/28/1996,France,196,99
882,Regina,Hill,11/26/1987,USA,188,93
883,Tina,Carpenter,7/2/1984,Canada,194,109
884,Aaron,Rodriguez,8/23/1994,Germany,193,91
885,Joseph,Madden,2/8/1985,Australia,177,106
886,Tiffany,Dean,5/11/1996,Argentina,199,78
887,Ashley,Shelton,11/22/1992,France,180,78
888,Stephanie,Moore,1/12/1981,Australia,185,97
889,Ronald,Davis,6/12/1983,Brazil,206,76
890,Daniel,Barton,2/10/1995,Brazil,181,106
891,Rebecca,Brown,5/28/1989,USA,206,97
892,Joshua,Moore,7/30/1985,Germany,204,75
893,Ronald,Romero,8/12/1996,Australia,187,97
894,Donald,Graham,9/23/1980,Argentina,200,101
895,Brittany,Rowland,8/8/1981,USA,194,80
896,Franklin,Austin,6/12/1981,Argentina,188,82
897,David,Cantu,6/13/1996,Canada,203,78
898,Eric,Brewer,3/23/1981,USA,190,108
899,Michael,Williams,9/5/1983,Argentina,183,91
900,Joel,Wilson,11/21/1980,France,177,89
901,Tracy,Armstrong,8/3/1989,Spain,195,108
902,Riley,Herman,4/5/1991,Germany,208,77
903,Kenneth,Carr,5/7/1987,Italy,191,86
904,Susan,Barton,2/25/1996,Canada,189,83
905,Samuel,Velez,9/30/1995,Brazil,182,102
906,Joanne,Anderson,4/26/1985,Spain,199,85
907,Laura,Henderson,11/19/1982,Germany,193,78
908,Connie,Smith,5/12/1982,Brazil,197,109
909,Chad,Perkins,9/8/1990,USA,172,85
910,Melanie,Mason,10/23/1990,France,196,76
911,Connie,Rodriguez,3/17/1983,USA,176,85
912,Michelle,Ray,6/23/1984,Germany,180,76
913,Gregory,Ferguson,12/13/1996,France,198,87
914,Pamela,Pugh,9/4/1995,Canada,195,95
915,Leah,Oliver,5/7/1988,France,204,79
916,Rachael,Cannon,11/24/1993,Canada,199,110
917,Philip,Torres,7/9/1987,France,203,101
918,Amber,Hall,7/16/1992,Canada,192,77
919,Michael,Phillips,3/13/1989,Argentina,191,102
920,John,Munoz,1/28/1996,Germany,186,88
921,Tiffany,Harding,1/28/1985,Australia,207,110
922,Teresa,James,5/13/1979,USA,177,107
923,Christopher,Gillespie,9/21/1979,Spain,202,101
924,Laura,Wilkins,3/8/1983,USA,190,109
925,Elizabeth,Underwood,9/6/1983,Canada,186,88
926,Jodi,Nichols,4/14/1986,Argentina,187,100
927,Bryan,Lawrence,4/11/1987,Brazil,190,109
928,Ronald,Obrien,5/5/1980,Italy,185,94
929,James,Hansen,12/17/1983,Argentina,209,108
930,Kurt,Medina,12/20/1993,Australia,176,92
931,Jennifer,Smith,9/27/1989,Canada,201,103
932,Laura,Turner,10/9/1984,Argentina,193,105
933,Anne,Williams,7/4/1994,Germany,181,96
934,Brian,Singh,1/5/1984,USA,177,90
935,Joshua,Horn,5/13/1985,Spain,202,106
936,Kyle,Montgomery,4/11/1984,Spain,185,93
937,Lorraine,Garza,7/20/1980,France,172,103
938,Tracy,Tate,2/19/1994,USA,183,76
939,Alexis,Williams,7/5/1984,Spain,208,100
940,Kerry,Collins,5/2/1992,France,197,75
941,Robert,Walsh,2/25/1983,Brazil,184,90
942,Randall,Frank,7/27/1991,Argentina,185,95
943,Michele,Cox,1/2/1996,Argentina,207,102
944,Alex,Ward,3/29/1994,Australia,187,98
945,Barbara,Beasley,12/26/1991,Germany,206,92
946,Keith,Frazier,5/10/1992,Australia,192,105
947,Gregory,Carter,6/28/1992,England,210,81
948,Melissa,Hooper,9/16/1982,Australia,210,99
949,Samantha,Cordova,10/8/1986,Brazil,172,107
950,Dennis,Hoffman,1/8/1992,Canada,209,98
