PlayerID,FirstName,LastName,DateOfBirth,Nationality,Height,Weight,TeamID,PositionID
1,Steven,Jackson,9/17/1982,Germany,200,106,1,1
2,David,Thomas,12/12/1984,Brazil,181,89,1,1
3,Donald,Sanchez,1/1/1985,England,175,87,1,2
4,Gerald,Gilbert,7/19/1986,Spain,189,100,1,2
5,Craig,Randall,6/29/1986,Argentina,178,98,1,2
6,Joseph,Scott,2/8/1986,Germany,172,102,1,3
7,Larry,Wright,1/24/1990,Germany,207,106,1,3
8,Devon,Clark,11/19/1979,Germany,192,100,1,3
9,Kenneth,Moore,5/10/1983,Canada,192,76,1,4
10,Michael,Davis,3/21/1988,Germany,187,98,1,4
11,Zachary,Adams,12/28/1980,Canada,195,93,1,4
12,Hunter,Martinez,1/16/1985,Australia,192,90,1,5
13,Christine,Mitchell,11/29/1980,Australia,177,79,1,5
14,Michael,Bruce,4/7/1985,England,205,89,1,5
15,Traci,Schwartz,1/6/1991,Canada,201,108,1,6
16,Elizabeth,Johnson,1/17/1990,Canada,190,84,1,6
17,Aaron,Moreno,9/1/1983,Argentina,183,97,1,6
18,Leah,Barker,1/23/1996,Spain,174,108,2,1
19,Corey,Fischer,1/20/1979,France,199,86,2,1
20,Bailey,Elliott,1/28/1993,Italy,183,81,2,2
21,Ashley,Webb,6/30/1982,Spain,180,94,2,2
22,Ashley,Ferguson,3/25/1986,Germany,203,106,2,2
23,Priscilla,Osborn,4/29/1986,Germany,182,97,2,3
24,Tiffany,Brandt,5/5/1988,England,193,83,2,3
25,Krystal,Meza,11/12/1982,France,202,99,2,3
26,Wendy,Howell,11/19/1990,England,188,98,2,4
27,Amanda,Schultz,2/24/1986,Spain,198,106,2,4
28,Sandra,Davis,10/6/1979,Italy,209,105,2,4
29,Michelle,Evans,10/30/1981,Australia,195,104,2,5
30,Dustin,Howard,6/24/1981,USA,176,94,2,5
31,Leslie,Dorsey,8/9/1993,Canada,182,82,2,5
32,Joseph,Williams,11/23/1981,England,185,104,2,6
33,Michelle,Newman,12/31/1982,Canada,197,95,2,6
34,Raven,Jimenez,7/15/1994,Italy,176,104,2,6
35,Ronald,Newton,4/11/1994,USA,180,106,3,1
36,Jessica,Jenkins,8/26/1979,Germany,185,94,3,1
37,Michelle,Ruiz,2/18/1995,Germany,179,76,3,2
38,Andrew,Thompson,12/14/1993,Argentina,202,83,3,2
39,Jose,Zhang,2/13/1996,England,210,109,3,2
40,Adam,Arias,4/12/1983,Spain,181,79,3,3
41,Shawn,Guzman,11/15/1995,Italy,201,93,3,3
42,Hannah,Griffith,8/10/1994,Spain,183,85,3,3
43,Melissa,Friedman,12/4/1979,France,180,89,3,4
44,Allison,Perkins,1/24/1995,Canada,179,84,3,4
45,Anne,Brown,8/6/1985,Italy,174,77,3,4
46,Mariah,Thomas,11/10/1994,Italy,172,75,3,5
47,Jonathan,Hall,5/15/1982,Brazil,209,107,3,5
48,Hannah,Baker,2/19/1980,Australia,181,87,3,5
49,Janice,Andrews,10/27/1980,USA,181,101,3,6
50,Cynthia,Cole,9/9/1992,Brazil,194,87,3,6
51,Joshua,Griffin,7/30/1986,USA,179,78,3,6
52,Erika,Walters,8/18/1992,USA,196,97,4,1
53,Daniel,Marshall,9/26/1983,Canada,188,86,4,1
54,Jennifer,Fisher,8/11/1996,Argentina,177,110,4,2
55,Valerie,Jackson,10/30/1983,Argentina,176,106,4,2
56,Monica,Powell,5/5/1986,Canada,191,82,4,2
57,Timothy,Williams,8/2/1992,Germany,207,80,4,3
58,Tiffany,Klein,6/19/1979,Italy,183,91,4,3
59,Keith,Nelson,3/31/1988,Argentina,207,85,4,3
60,Denise,Shields,2/25/1993,Italy,178,81,4,4
61,Robert,Clark,12/20/1996,Argentina,190,98,4,4
62,Alexis,Russell,11/13/1995,Spain,181,84,4,4
63,Jamie,Humphrey,11/21/1993,USA,208,80,4,5
64,Louis,White,1/16/1981,Canada,194,102,4,5
65,Lance,Butler,8/14/1994,Argentina,189,75,4,5
66,Debbie,Burgess,10/12/1980,France,195,84,4,6
67,Shelly,Martinez,6/17/1990,Canada,209,106,4,6
68,Alexis,Lee,1/27/1979,Spain,176,97,4,6
69,Michael,Brooks,6/18/1979,Australia,204,85,5,1
70,Michelle,Silva,9/10/1984,England,182,79,5,1
71,Melissa,Lucas,1/19/1990,Germany,185,99,5,2
72,Amber,Carter,4/8/1985,France,181,104,5,2
73,Ryan,Rogers,9/18/1984,Australia,207,103,5,2
74,Paul,Miller,4/16/1980,Germany,200,90,5,3
75,Kristy,Cole,10/21/1992,Germany,175,106,5,3
76,Arthur,Villegas,4/14/1980,Argentina,194,85,5,3
77,Lisa,Johnson,11/18/1988,France,209,78,5,4
78,Carrie,Rojas,2/25/1986,Germany,187,86,5,4
79,Tiffany,Edwards,5/21/1993,Canada,193,78,5,4
80,James,Matthews,9/12/1991,Australia,178,82,5,5
81,Jennifer,Ellis,1/21/1986,France,189,87,5,5
82,Gabriel,Ortiz,7/24/1989,Brazil,180,109,5,5
83,Kristina,Jackson,11/7/1992,Spain,174,93,5,6
84,Isaac,Wright,12/6/1988,Canada,192,97,5,6
85,Sean,Grant,1/16/1984,Spain,186,94,5,6
86,Jessica,Edwards,7/28/1985,Argentina,189,92,6,1
87,Victor,Dean,1/17/1987,Australia,179,77,6,1
88,James,Saunders,9/13/1985,Germany,204,93,6,2
89,Michael,Thornton,2/27/1983,Germany,203,95,6,2
90,Tony,Morgan,6/28/1991,Australia,192,90,6,2
91,Victor,Tate,11/11/1980,Canada,174,83,6,3
92,Tanner,Bean,12/19/1994,Brazil,194,77,6,3
93,William,Perry,11/30/1982,Germany,207,77,6,3
94,Emily,Brown,7/14/1990,France,188,103,6,4
95,Ashley,Andrews,2/1/1980,Brazil,176,77,6,4
96,Stacey,Chavez,11/3/1980,Brazil,177,101,6,4
97,Stacey,Smith,2/27/1991,Canada,189,106,6,5
98,Edward,Price,7/3/1989,England,186,96,6,5
99,Brandi,King,6/18/1979,Canada,183,89,6,5
100,Jason,Hughes,11/21/1991,Germany,177,95,6,6
101,Natalie,Smith,2/25/1981,Australia,179,99,6,6
102,Jennifer,Robertson,2/5/1981,Argentina,174,82,6,6
103,Samuel,Willis,12/20/1982,Australia,190,104,7,1
104,Ricardo,Pena,7/3/1993,England,180,80,7,1
105,John,Walker,8/29/1996,Australia,208,76,7,2
106,Alan,Dixon,1/14/1989,Spain,195,84,7,2
107,Abigail,Houston,10/3/1996,Australia,208,80,7,2
108,Donald,Castillo,5/20/1994,Canada,206,93,7,3
109,Charles,Robles,10/31/1993,Italy,184,109,7,3
110,Paul,Gordon,3/12/1993,Germany,178,94,7,3
111,Seth,Serrano,4/9/1986,Spain,192,89,7,4
112,Nicholas,Williams,1/5/1995,USA,189,106,7,4
113,Jessica,Lee,4/6/1985,Spain,179,85,7,4
114,Cheryl,Young,3/3/1993,Spain,190,76,7,5
115,Adam,Wade,1/8/1989,Argentina,203,97,7,5
116,Michelle,Knight,6/7/1986,Australia,198,100,7,5
117,Christian,Reyes,4/22/1988,USA,205,91,7,6
118,Heather,Davis,7/1/1996,England,181,106,7,6
119,Connie,Stokes,1/13/1990,Germany,193,106,7,6
120,Johnathan,Davis,9/1/1979,Canada,205,79,8,1
121,Michael,Russell,5/1/1993,Australia,187,110,8,1
122,Tina,Levy,8/4/1983,Canada,195,88,8,2
123,Paul,Jimenez,10/20/1983,Argentina,172,96,8,2
124,Crystal,Hart,10/29/1980,Brazil,176,86,8,2
125,Richard,Hayes,8/2/1986,England,202,103,8,3
126,Jon,Mayer,11/28/1987,Germany,200,83,8,3
127,Chelsea,Carroll,11/4/1990,Italy,174,78,8,3
128,Kathryn,Hodges,2/10/1988,Canada,180,94,8,4
129,Nicole,Hill,6/30/1979,Australia,202,103,8,4
130,James,Frye,3/5/1983,France,182,109,8,4
131,Kevin,Glass,2/6/1996,Australia,178,109,8,5
132,Patricia,Phillips,10/1/1983,Germany,177,107,8,5
133,Thomas,Rubio,6/6/1987,England,186,93,8,5
134,Mark,Gonzales,7/23/1986,France,187,76,8,6
135,William,Mccoy,5/22/1993,England,188,90,8,6
136,Ruth,Mann,7/22/1986,Italy,208,110,8,6
137,Laura,Allen,8/14/1987,Australia,181,100,9,1
138,Nathan,Mcpherson,7/23/1981,Germany,197,93,9,1
139,John,Thompson,12/25/1988,USA,207,85,9,2
140,Christine,Marks,3/30/1980,France,179,105,9,2
141,Jose,Orozco,11/25/1982,Australia,204,105,9,2
142,Diana,Scott,9/7/1993,Brazil,199,105,9,3
143,Vincent,Christensen,9/28/1981,Argentina,174,81,9,3
144,Rhonda,Robinson,7/12/1985,Spain,181,104,9,3
145,Stephen,Soto,4/29/1990,USA,188,109,9,4
146,Sara,Cowan,6/28/1983,Canada,182,98,9,4
147,Denise,Vazquez,2/11/1984,Argentina,204,108,9,4
148,Pamela,Ford,6/2/1986,Brazil,206,80,9,5
149,Cassandra,Murray,4/3/1987,Spain,191,104,9,5
150,Jason,Hill,5/1/1995,Germany,200,82,9,5
151,Taylor,Fischer,11/25/1981,Argentina,205,78,9,6
152,Ernest,Brown,12/30/1988,England,189,87,9,6
153,Taylor,Simpson,7/29/1981,England,191,95,9,6
154,Austin,Rich,5/21/1990,USA,200,98,10,1
155,Claudia,Travis,6/16/1981,Italy,207,110,10,1
156,Christine,Hill,3/30/1980,Canada,188,89,10,2
157,Michael,Palmer,5/17/1988,England,181,98,10,2
158,Stacey,Erickson,4/8/1995,Brazil,174,107,10,2
159,Wendy,Bailey,10/15/1989,Italy,197,83,10,3
160,Jesse,Murphy,5/7/1980,Germany,172,98,10,3
161,Savannah,Smith,2/18/1992,Spain,188,98,10,3
162,Jeffery,Savage,11/17/1993,USA,172,87,10,4
163,Tony,Marquez,5/24/1980,Brazil,185,90,10,4
164,Thomas,Aguirre,5/4/1988,France,202,80,10,4
165,Justin,Velez,7/1/1979,Argentina,203,75,10,5
166,Jennifer,Adams,12/17/1979,France,202,106,10,5
167,Sarah,Johnson,3/16/1990,Brazil,192,82,10,5
168,Annette,Dillon,2/14/1979,Australia,179,102,10,6
169,Susan,Terrell,5/7/1984,Brazil,207,75,10,6
170,Brenda,Fletcher,5/15/1995,USA,181,97,10,6
171,Jonathan,Donaldson,2/23/1981,Brazil,210,106,11,1
172,Courtney,Collier,8/17/1992,Brazil,208,80,11,1
173,Lorraine,Clark,8/26/1979,England,188,106,11,2
174,Roy,Kelley,11/15/1990,Germany,179,96,11,2
175,Anita,Mitchell,7/25/1990,Australia,192,104,11,2
176,Brittney,Berry,3/11/1983,USA,185,101,11,3
177,Joseph,Page,7/4/1986,USA,195,91,11,3
178,Jennifer,Clay,8/12/1992,Germany,172,105,11,3
179,Ashley,Phillips,3/21/1986,Italy,197,91,11,4
180,Andrew,Fitzgerald,5/11/1993,Germany,183,84,11,4
181,Jared,Rivera,9/14/1981,Spain,174,88,11,4
182,Mark,Rosario,6/11/1993,Argentina,194,81,11,5
183,Grant,Ponce,11/25/1986,Brazil,174,107,11,5
184,Bradley,Mccarthy,10/12/1995,USA,204,93,11,5
185,Caitlin,Cain,8/2/1991,Australia,209,86,11,6
186,Danielle,Williams,9/15/1985,England,188,95,11,6
187,Christopher,Williams,7/23/1991,Argentina,210,84,11,6
188,Lauren,Davidson,8/21/1984,Canada,176,75,12,1
189,Hannah,Bryant,2/26/1979,Spain,177,85,12,1
190,Katherine,Johnson,9/4/1992,England,186,87,12,2
191,Jason,Smith,12/21/1983,Germany,209,104,12,2
192,Sheryl,Robinson,11/21/1988,Australia,178,103,12,2
193,Mike,Anderson,4/18/1996,Argentina,201,93,12,3
194,Benjamin,Bowman,7/2/1985,France,181,76,12,3
195,Paul,Rodriguez,11/12/1986,Brazil,173,80,12,3
196,Sarah,Porter,12/11/1979,Canada,174,107,12,4
197,Keith,Gonzalez,2/18/1981,France,203,103,12,4
198,Jesse,Ramsey,1/14/1987,Spain,202,80,12,4
199,Kaitlin,Powell,5/3/1984,Germany,174,106,12,5
200,Ronald,Lam,3/22/1994,Spain,184,98,12,5
201,Melissa,Wood,12/9/1981,England,173,102,12,5
202,David,Barnett,3/27/1979,Argentina,200,77,12,6
203,Hannah,Ferguson,5/20/1986,Australia,177,90,12,6
204,Erica,Shepherd,10/19/1981,Australia,206,93,12,6
205,Kimberly,Garcia,8/30/1979,Italy,208,103,13,1
206,Darryl,Watts,8/4/1995,France,200,84,13,1
207,Sarah,Harris,2/5/1986,Brazil,205,80,13,2
208,Lauren,Brown,8/17/1993,USA,191,108,13,2
209,Timothy,Park,1/6/1991,Italy,193,91,13,2
210,Robert,Vance,4/1/1992,Australia,198,90,13,3
211,Joel,Hoffman,8/30/1986,Spain,180,91,13,3
212,Roberta,Cortez,9/16/1994,Italy,182,80,13,3
213,Bryan,Johnson,2/16/1995,Italy,189,86,13,4
214,Jason,Kaiser,9/5/1979,Germany,176,107,13,4
215,Sandra,Barnett,10/2/1993,USA,190,97,13,4
216,Shannon,Bryant,10/19/1983,Argentina,195,102,13,5
217,Ronnie,Bird,12/21/1989,France,181,75,13,5
218,Rebecca,Bailey,11/20/1989,USA,205,106,13,5
219,Calvin,Smith,11/29/1984,England,177,86,13,6
220,David,Burns,11/15/1986,England,188,108,13,6
221,John,Banks,9/8/1984,Argentina,205,98,13,6
222,Jennifer,Brown,6/16/1982,USA,172,83,14,1
223,Bonnie,Gardner,2/23/1983,Germany,196,93,14,1
224,James,Moran,10/27/1996,Brazil,203,79,14,2
225,Tammy,Johnson,5/12/1983,Argentina,203,110,14,2
226,Christopher,Gibson,4/16/1985,Germany,204,84,14,2
227,Amy,Bailey,11/30/1985,Australia,194,93,14,3
228,Philip,Curtis,2/1/1979,Australia,194,100,14,3
229,Carla,Ibarra,2/25/1994,Canada,195,104,14,3
230,Wesley,Jennings,8/10/1987,Germany,201,81,14,4
231,Carol,Smith,8/30/1986,Australia,179,88,14,4
232,Antonio,Simpson,3/29/1995,Spain,204,96,14,4
233,Brandon,Davis,10/31/1995,Italy,190,95,14,5
234,Jake,Moore,10/4/1996,England,199,110,14,5
235,John,Ward,7/15/1996,USA,201,107,14,5
236,Michaela,Bean,2/3/1992,Italy,198,89,14,6
237,Charles,Collins,2/9/1983,France,210,101,14,6
238,Craig,Potts,10/12/1996,Australia,178,103,14,6
239,John,Miles,11/6/1986,Canada,204,106,15,1
240,Brianna,Gibson,4/18/1992,Spain,186,80,15,1
241,Paige,Smith,3/21/1988,Canada,174,89,15,2
242,Brian,King,5/11/1984,Argentina,177,104,15,2
243,Angela,Ortega,7/5/1981,Australia,192,87,15,2
244,Steven,Morrison,11/7/1996,Brazil,206,80,15,3
245,Joseph,Bell,12/6/1993,Brazil,182,110,15,3
246,Amanda,May,7/13/1996,Australia,180,108,15,3
247,Benjamin,Hart,5/13/1986,Argentina,177,76,15,4
248,Nathan,Phelps,4/18/1991,Italy,189,93,15,4
249,Tyler,Baker,11/26/1983,USA,192,88,15,4
250,Colleen,Bartlett,1/21/1995,Spain,174,93,15,5
251,Janice,Ray,6/28/1995,Brazil,172,93,15,5
252,Christopher,Gonzalez,6/7/1994,Australia,201,98,15,5
253,Thomas,Jones,5/13/1987,Germany,180,76,15,6
254,David,Best,12/6/1981,Argentina,185,82,15,6
255,Christopher,Meadows,12/30/1987,Spain,175,87,15,6
256,Rachel,Humphrey,1/31/1989,Australia,206,108,16,1
257,Richard,Hill,8/6/1994,Germany,194,95,16,1
258,Stephanie,Medina,2/22/1989,Canada,198,102,16,2
259,Rachael,Hamilton,3/12/1994,USA,205,76,16,2
260,Debbie,Ward,10/29/1986,Brazil,176,102,16,2
261,Bryan,Gould,4/2/1979,Australia,187,89,16,3
262,Jamie,Jones,7/1/1981,England,188,80,16,3
263,Mark,Gonzales,10/3/1996,France,194,94,16,3
264,Sandra,Ware,10/10/1980,Spain,183,92,16,4
265,Alyssa,Petty,5/4/1995,Argentina,209,102,16,4
266,Amy,Jackson,11/6/1984,Italy,185,109,16,4
267,Alexandra,Williams,6/6/1991,Australia,181,78,16,5
268,Angelica,Brooks,8/22/1991,France,204,90,16,5
269,Amy,Obrien,10/6/1996,England,185,102,16,5
270,Scott,Schneider,4/16/1982,Australia,209,83,16,6
271,Kimberly,Robbins,8/16/1979,USA,174,76,16,6
272,Henry,Phillips,1/29/1981,Germany,204,92,16,6
273,Melissa,Levine,9/26/1995,Argentina,189,76,17,1
274,Kelly,Carter,12/29/1988,England,188,102,17,1
275,Brian,Hamilton,3/5/1979,Italy,208,85,17,2
276,John,Hunter,9/6/1981,USA,208,106,17,2
277,Linda,Holland,12/31/1992,France,172,90,17,2
278,Denise,Baker,11/16/1981,France,176,101,17,3
279,Kimberly,Hunt,4/25/1991,Argentina,186,99,17,3
280,Gregory,Carter,9/5/1981,USA,179,107,17,3
281,Jessica,Williams,3/4/1987,France,193,109,17,4
282,Mark,Sanders,3/6/1989,Canada,189,90,17,4
283,Jonathan,Bowen,7/22/1991,Brazil,207,87,17,4
284,Lisa,Richardson,9/21/1992,Argentina,180,110,17,5
285,Cynthia,Fowler,7/6/1990,Germany,204,84,17,5
286,Susan,Steele,12/7/1996,USA,204,93,17,5
287,Jake,Moore,7/23/1986,Germany,203,91,17,6
288,Joel,Hamilton,9/26/1987,England,185,106,17,6
289,Kathy,Rasmussen,7/1/1985,France,207,76,17,6
290,Angela,Wilson,10/19/1983,Germany,192,90,18,1
291,Jo,Wilson,2/26/1982,Brazil,176,88,18,1
292,Diana,Davis,10/4/1995,Spain,190,108,18,2
293,Michelle,Watson,11/5/1991,Italy,206,88,18,2
294,Lauren,Hoover,4/17/1994,Spain,188,92,18,2
295,Charles,Fields,8/8/1980,Argentina,177,93,18,3
296,Meredith,Sanders,7/22/1982,England,172,88,18,3
297,Benjamin,Lee,2/17/1987,France,210,83,18,3
298,Autumn,Arnold,5/21/1989,Italy,210,86,18,4
299,Courtney,Hall,1/19/1983,USA,187,99,18,4
300,Deborah,Shaw,1/24/1989,Canada,175,86,18,4
301,Leah,Schultz,8/16/1979,England,189,78,18,5
302,Amy,Miller,3/1/1994,Germany,200,90,18,5
303,Mark,Olson,12/6/1993,Australia,183,86,18,5
304,Savannah,Reilly,12/31/1990,Spain,206,89,18,6
305,Cathy,Scott,3/25/1981,England,197,81,18,6
306,Michael,Espinoza,6/2/1988,Italy,196,99,18,6
307,Patricia,Howard,11/27/1992,Germany,187,104,19,1
308,Thomas,Reyes,6/16/1986,Germany,181,82,19,1
309,Tracy,Malone,4/21/1984,England,173,82,19,2
310,Tamara,Wells,1/17/1986,Brazil,195,75,19,2
311,Christopher,Burgess,11/7/1996,Brazil,198,107,19,2
312,George,Gonzalez,4/5/1987,Brazil,182,102,19,3
313,Gerald,Eaton,5/25/1988,Italy,196,89,19,3
314,Terry,Bell,6/17/1983,Italy,207,76,19,3
315,Alexandra,Anderson,2/27/1995,Italy,194,96,19,4
316,Amanda,Mccoy,9/24/1985,Italy,175,94,19,4
317,Barbara,Patterson,11/29/1979,Germany,184,80,19,4
318,Lindsey,Lee,6/21/1987,Spain,173,97,19,5
319,Zachary,Myers,2/25/1988,Argentina,176,86,19,5
320,Dana,Thomas,12/29/1987,Canada,173,80,19,5
321,Jennifer,Banks,12/5/1996,Brazil,193,89,19,6
322,Angela,Jordan,6/27/1992,Brazil,179,99,19,6
323,Justin,Williams,5/6/1992,Australia,194,98,19,6
324,Angela,Welch,4/23/1980,Argentina,186,103,20,1
325,Jared,Shepherd,1/4/1989,Brazil,196,108,20,1
326,Zachary,Miller,3/18/1979,Italy,178,101,20,2
327,Jennifer,Kent,10/23/1996,Australia,198,87,20,2
328,Ana,Allen,8/24/1982,Argentina,202,90,20,2
329,Justin,Reed,9/15/1986,Germany,181,85,20,3
330,Carrie,George,4/14/1983,Argentina,195,94,20,3
331,Melissa,Mcdonald,10/8/1979,Italy,209,85,20,3
332,Natasha,Gregory,12/16/1987,Germany,209,83,20,4
333,Austin,Gonzalez,6/4/1996,Germany,174,89,20,4
334,Timothy,Cross,3/27/1987,Argentina,210,85,20,4
335,Teresa,Baker,11/1/1994,England,174,76,20,5
336,Katelyn,Davis,5/3/1987,Spain,177,88,20,5
337,Mark,Davis,12/7/1979,France,175,108,20,5
338,David,Blake,12/2/1981,Australia,208,81,20,6
339,Judith,Wade,7/26/1988,USA,197,85,20,6
340,Stephanie,Wang,8/17/1981,Canada,200,109,20,6
341,Kristin,Wright,1/18/1988,Argentina,173,78,21,1
342,Cynthia,Turner,4/16/1982,Argentina,197,84,21,1
343,Hailey,Johnson,4/29/1980,Italy,188,109,21,2
344,Jessica,Young,11/20/1984,Italy,178,99,21,2
345,Christopher,Wright,10/21/1984,Argentina,174,77,21,2
346,Yvonne,Cochran,7/6/1991,France,208,80,21,3
347,Robert,Brown,10/11/1981,France,209,110,21,3
348,Christopher,Owen,8/14/1983,Argentina,194,75,21,3
349,Kelly,Santos,10/24/1987,Australia,196,87,21,4
350,James,Leon,4/12/1985,Argentina,207,107,21,4
351,Monica,Brown,11/10/1985,Spain,207,75,21,4
352,Elizabeth,Fisher,12/18/1989,Canada,206,78,21,5
353,Eric,Martinez,10/14/1996,Italy,182,92,21,5
354,Joseph,Hull,4/23/1988,Brazil,208,96,21,5
355,Melanie,Edwards,10/27/1991,Argentina,200,87,21,6
356,Kerry,Rogers,7/7/1985,USA,180,91,21,6
357,Sheila,Randolph,11/1/1989,Spain,188,75,21,6
358,Taylor,Craig,12/20/1996,Argentina,198,77,22,1
359,Christopher,West,6/7/1995,Argentina,176,83,22,1
360,Jermaine,Edwards,2/13/1987,Argentina,199,85,22,2
361,Paul,Lee,11/18/1993,Canada,187,76,22,2
362,Melanie,Young,3/14/1982,France,208,104,22,2
363,Kyle,Combs,3/19/1989,Germany,179,102,22,3
364,Katherine,Bryan,12/15/1988,Germany,182,105,22,3
365,Kimberly,Wright,1/10/1981,Canada,172,88,22,3
366,Roberto,Carr,7/3/1983,Canada,187,94,22,4
367,Victoria,Lee,7/11/1986,France,186,77,22,4
368,Nicole,Hoffman,6/5/1987,France,183,81,22,4
369,Margaret,Lee,3/21/1983,Canada,210,96,22,5
370,Samantha,Winters,3/29/1990,Italy,194,81,22,5
371,Bethany,Smith,3/18/1991,Argentina,186,88,22,5
372,Douglas,Bradley,2/1/1996,England,199,109,22,6
373,Melissa,Woods,5/29/1987,Argentina,184,98,22,6
374,Matthew,Thompson,5/11/1980,USA,182,105,22,6
375,Nicole,Kirk,10/29/1996,Canada,188,95,23,1
376,Paul,Cameron,7/5/1992,USA,203,100,23,1
377,Jacqueline,Hall,7/27/1991,Brazil,182,101,23,2
378,Timothy,Moss,6/25/1981,Spain,175,102,23,2
379,Paula,Hickman,12/12/1995,Spain,204,100,23,2
380,Melissa,Hernandez,9/6/1979,Brazil,180,107,23,3
381,Andrew,Smith,5/28/1990,Argentina,200,103,23,3
382,Patrick,Pearson,8/11/1984,Brazil,207,77,23,3
383,Derek,Elliott,8/22/1994,Germany,187,110,23,4
384,Dylan,Moon,7/18/1993,Australia,204,98,23,4
385,Kayla,Martin,5/24/1983,Australia,197,94,23,4
386,Shannon,Jones,6/25/1995,Canada,175,91,23,5
387,Curtis,Malone,3/13/1992,Brazil,192,76,23,5
388,Brittany,Hall,7/6/1992,Spain,186,107,23,5
389,Christopher,Garcia,3/26/1993,France,181,104,23,6
390,Anne,Gordon,8/5/1988,Argentina,195,76,23,6
391,Melody,Elliott,1/30/1993,USA,195,106,23,6
392,Laura,Coleman,4/25/1990,Argentina,203,85,24,1
393,Austin,Carter,11/8/1984,Spain,172,92,24,1
394,John,Martin,8/1/1994,Australia,208,110,24,2
395,Miranda,Cannon,3/14/1990,England,204,82,24,2
396,Ryan,Wade,1/29/1993,Spain,174,86,24,2
397,Valerie,Hudson,5/31/1995,Australia,186,81,24,3
398,Daniel,Franklin,7/31/1980,USA,177,90,24,3
399,Jonathan,Lara,3/4/1987,Germany,184,78,24,3
400,John,Stevens,4/11/1991,Argentina,182,103,24,4
401,Anna,Cooley,6/23/1992,Italy,205,90,24,4
402,James,Warren,3/8/1996,Spain,185,81,24,4
403,Robin,Ramirez,6/30/1979,Germany,196,77,24,5
404,Monica,David,9/16/1979,Australia,206,109,24,5
405,Danielle,Taylor,10/6/1980,Argentina,198,108,24,5
406,Melissa,Hoover,11/15/1981,Germany,182,99,24,6
407,Jeremy,Taylor,6/26/1980,Canada,173,89,24,6
408,Gina,Diaz,12/2/1995,England,196,95,24,6
409,Trevor,Tyler,11/12/1996,Spain,190,81,25,1
410,Raymond,Pennington,12/5/1988,France,186,89,25,1
411,Patricia,Stewart,2/15/1996,Spain,197,80,25,2
412,Eric,Diaz,11/22/1980,Canada,209,91,25,2
413,Troy,Edwards,2/10/1979,Argentina,202,78,25,2
414,George,Wright,12/31/1984,Germany,180,106,25,3
415,Alejandro,Norris,3/8/1996,Argentina,206,98,25,3
416,Samantha,Barton,11/19/1996,England,205,76,25,3
417,Chris,Hood,3/10/1982,Italy,190,96,25,4
418,Stephen,Barton,7/23/1989,Italy,197,90,25,4
419,Michele,Holder,6/28/1990,Australia,204,97,25,4
420,Eric,Harrison,11/25/1985,Germany,199,84,25,5
421,Sean,Allen,9/18/1994,Canada,184,81,25,5
422,Andrew,Gardner,2/18/1996,England,201,106,25,5
423,Sharon,Jones,6/15/1985,England,209,94,25,6
424,Carrie,Green,9/28/1987,England,194,100,25,6
425,Courtney,Lloyd,8/8/1990,England,190,96,25,6
426,Stacey,Smith,8/20/1984,Australia,185,89,26,1
427,Brian,Mueller,11/18/1993,Australia,197,76,26,1
428,Catherine,Wheeler,11/6/1982,Italy,184,106,26,2
429,Kellie,Murillo,2/12/1990,Canada,188,80,26,2
430,Paul,Murphy,12/5/1984,Germany,210,89,26,2
431,Audrey,Mccall,5/23/1984,England,180,109,26,3
432,Michael,Watkins,7/21/1982,England,175,104,26,3
433,Cynthia,Petty,8/24/1994,USA,192,84,26,3
434,David,Jones,4/30/1994,England,195,84,26,4
435,Gregory,Williams,6/30/1982,England,196,110,26,4
436,Daniel,Bryant,11/29/1985,England,173,84,26,4
437,Erica,Medina,10/8/1989,Italy,186,78,26,5
438,Sandra,Perry,5/22/1990,France,198,94,26,5
439,Russell,Roberson,2/7/1995,Italy,201,103,26,5
440,Mark,Taylor,9/1/1983,England,191,101,26,6
441,Melissa,Armstrong,9/16/1988,France,202,103,26,6
442,Megan,Simmons,9/15/1990,Spain,193,104,26,6
443,Paige,Carson,8/13/1994,Brazil,187,93,27,1
444,David,Carrillo,11/27/1996,France,194,84,27,1
445,Megan,Rogers,10/6/1991,Canada,196,83,27,2
446,Laurie,Davis,8/13/1992,Canada,182,104,27,2
447,Brett,Perkins,1/2/1992,Germany,186,84,27,2
448,Daniel,Sanders,6/22/1993,Canada,187,77,27,3
449,Jennifer,Smith,1/25/1993,Australia,197,91,27,3
450,Timothy,Harrison,3/12/1985,USA,193,78,27,3
451,Andrew,Medina,9/18/1985,Germany,210,86,27,4
452,Dawn,Johnston,5/14/1993,Australia,174,94,27,4
453,Kristopher,Scott,10/9/1987,Italy,175,91,27,4
454,Matthew,Walker,11/25/1986,Germany,199,90,27,5
455,Miranda,Jones,5/18/1990,Argentina,176,77,27,5
456,Lisa,Martin,10/5/1987,Australia,203,99,27,5
457,David,Goodwin,2/26/1996,USA,199,79,27,6
458,Mark,Molina,8/23/1984,Brazil,181,84,27,6
459,Luke,Rowe,3/12/1985,Argentina,203,106,27,6
460,Christopher,Armstrong,10/28/1990,Brazil,177,107,28,1
461,James,Payne,3/15/1990,USA,194,93,28,1
462,Chelsea,Estrada,3/19/1982,France,190,83,28,2
463,Justin,Byrd,3/13/1988,Argentina,193,92,28,2
464,Amanda,Moran,11/19/1987,France,198,76,28,2
465,Hannah,Edwards,3/7/1984,Germany,189,100,28,3
466,Tammy,Dennis,6/8/1984,Argentina,208,96,28,3
467,Nicole,Colon,10/16/1980,Spain,183,78,28,3
468,Bruce,Lara,3/24/1990,France,180,87,28,4
469,Anthony,Gilbert,3/6/1988,Germany,175,104,28,4
470,Craig,Sanchez,11/27/1993,Australia,190,84,28,4
471,Lisa,Burton,3/6/1994,Spain,188,109,28,5
472,Katherine,Meyers,4/18/1986,England,173,91,28,5
473,Raymond,Woodard,8/26/1993,Italy,197,94,28,5
474,Grant,Bush,4/1/1995,Spain,189,81,28,6
475,Wesley,Simmons,12/31/1986,Germany,203,104,28,6
476,Jason,Martinez,12/4/1986,Brazil,174,75,28,6
477,Michael,Chavez,12/11/1993,Italy,198,101,29,1
478,Jeffrey,Banks,6/2/1989,Germany,194,84,29,1
479,Samuel,Mullins,4/30/1983,Italy,202,91,29,2
480,Emily,Holland,5/20/1996,Italy,180,95,29,2
481,Brian,Mitchell,12/14/1982,France,203,99,29,2
482,Timothy,Ramos,1/16/1981,France,195,105,29,3
483,Dawn,Mata,2/5/1990,Australia,197,89,29,3
484,Tony,Mcneil,4/25/1990,Germany,196,78,29,3
485,Kristopher,Jones,8/7/1992,Argentina,175,80,29,4
486,Timothy,Carlson,8/31/1982,Germany,192,79,29,4
487,Danielle,Wilson,10/27/1980,Italy,191,89,29,4
488,Zachary,Perez,2/14/1980,France,177,87,29,5
489,William,Le,9/4/1980,Italy,187,90,29,5
490,Tami,Reid,9/12/1979,Argentina,180,87,29,5
491,Melissa,Simon,8/16/1983,England,173,101,29,6
492,Aaron,Caldwell,9/14/1988,France,179,92,29,6
493,Kristine,Jennings,8/29/1985,Argentina,199,105,29,6
494,Danielle,Gonzalez,8/21/1995,Italy,188,105,30,1
495,Daniel,Martinez,4/11/1995,Brazil,190,78,30,1
496,Molly,Morris,7/30/1995,USA,187,110,30,2
497,Krista,Henry,8/21/1989,Spain,200,77,30,2
498,Matthew,Kennedy,3/21/1996,Argentina,185,98,30,2
499,Michele,Ryan,12/29/1995,England,183,110,30,3
500,Sherry,Parker,8/6/1990,Argentina,208,81,30,3
501,Juan,Pham,5/13/1989,England,205,96,30,3
502,Joshua,Meyer,9/16/1990,Australia,190,95,30,4
503,Michael,Howard,6/27/1993,Australia,173,89,30,4
504,Shannon,Mcfarland,8/21/1989,Argentina,177,102,30,4
505,Natalie,Hall,3/25/1982,Australia,184,107,30,5
506,Derrick,Finley,10/1/1985,Argentina,172,94,30,5
507,Margaret,Brown,2/18/1985,Italy,209,107,30,5
508,Michael,Carter,7/9/1990,Spain,190,89,30,6
509,Alexander,Sutton,5/10/1986,Argentina,184,107,30,6
510,Brittney,Allen,5/21/1996,Australia,198,97,30,6
511,Julie,Simpson,5/30/1991,France,177,91,31,1
512,Alexander,Johnson,8/31/1987,France,173,90,31,1
513,Cheryl,Mendoza,5/9/1988,Italy,175,110,31,2
514,Carolyn,Evans,4/19/1984,France,192,108,31,2
515,Lauren,Jones,11/8/1982,Argentina,208,95,31,2
516,Arthur,Craig,5/27/1992,Germany,206,99,31,3
517,Tyler,Robinson,7/22/1982,Argentina,177,106,31,3
518,Emily,Gray,6/16/1994,Australia,207,98,31,3
519,Jesse,Wilson,8/6/1994,Italy,177,75,31,4
520,Zachary,Moore,2/5/1984,Canada,207,80,31,4
521,Lauren,Acosta,7/24/1982,USA,190,103,31,4
522,Loretta,Dickerson,10/13/1988,USA,178,82,31,5
523,Bernard,Clark,8/12/1985,Canada,175,98,31,5
524,Laura,Benton,9/25/1981,Canada,173,84,31,5
525,Pamela,Wright,11/25/1983,France,175,93,31,6
526,Katherine,Riley,10/9/1994,Italy,184,78,31,6
527,Philip,Wells,8/9/1991,Brazil,201,90,31,6
528,Neil,Cook,1/4/1987,France,206,108,32,1
529,Heather,Martin,4/25/1990,Argentina,177,86,32,1
530,Daniel,Olson,11/18/1994,England,174,93,32,2
531,Kellie,Robles,3/14/1991,Argentina,204,94,32,2
532,Logan,Weiss,4/29/1989,Canada,187,95,32,2
533,Christopher,Davis,1/28/1982,Italy,204,100,32,3
534,Michele,Hanson,1/23/1983,Canada,195,78,32,3
535,Mitchell,Mcdonald,2/2/1993,Spain,209,97,32,3
536,Anthony,Barnes,7/19/1988,Argentina,203,94,32,4
537,Chad,Evans,10/26/1980,Germany,198,104,32,4
538,James,Hernandez,7/13/1995,Italy,175,78,32,4
539,Lynn,Wilcox,4/18/1982,Brazil,183,90,32,5
540,Anthony,Alvarez,8/13/1990,England,188,100,32,5
541,Caitlin,Norton,4/8/1986,Italy,201,85,32,5
542,Mary,Barnett,9/29/1984,Argentina,206,101,32,6
543,Jaime,Gomez,7/26/1987,Brazil,205,90,32,6
544,Colleen,Martinez,6/2/1993,Italy,190,92,32,6
545,Mario,White,6/4/1982,England,192,98,1,6
546,Jennifer,Conrad,11/11/1981,Australia,180,88,1,2
547,Michael,Evans,11/21/1996,England,194,107,1,3
548,Nancy,Harper,8/17/1981,Canada,179,109,1,4
549,David,Carter,10/25/1979,England,176,108,1,5
550,Justin,Walters,6/12/1979,Argentina,204,78,1,6
551,Amanda,Fox,8/30/1987,Canada,203,82,1,2
552,Jonathan,Taylor,1/21/1991,Australia,188,104,1,3
553,Daniel,Harris,2/17/1995,Germany,204,102,1,4
554,Craig,Velasquez,10/28/1995,Australia,177,110,1,5
555,Nancy,Nelson,9/1/1983,Brazil,202,106,1,6
556,Timothy,Williams,5/16/1992,Australia,208,80,1,2
557,Jonathan,Carter,4/30/1984,France,183,98,1,3
558,Shelby,Mclaughlin,2/14/1982,Argentina,207,88,2,4
559,Elizabeth,Brewer,5/1/1989,Germany,210,93,2,5
560,Christopher,Garcia,12/14/1990,Canada,178,87,2,6
561,Ruth,Donaldson,4/14/1987,Canada,196,105,2,2
562,Jason,Wheeler,6/23/1982,Spain,187,81,2,3
563,Michael,Eaton,10/16/1996,Brazil,198,106,2,4
564,Alexander,Dunn,4/19/1994,Argentina,184,86,2,5
565,Wendy,Cross,9/1/1990,Argentina,195,108,2,6
566,Lori,Arnold,1/27/1983,Germany,208,96,2,2
567,Haley,Kelly,8/18/1994,Argentina,198,95,2,3
568,Nicole,Evans,1/10/1993,Spain,174,104,2,4
569,Joseph,Schultz,8/13/1995,Italy,192,104,2,5
570,Robert,Fleming,4/11/1980,France,207,109,2,6
571,Billy,Perez,1/14/1992,Brazil,195,105,3,2
572,Sheila,Clark,1/24/1984,Italy,199,84,3,3
573,Arthur,Nunez,3/31/1995,Australia,183,77,3,4
574,Amy,Flowers,12/2/1996,Brazil,175,89,3,5
575,Crystal,Hernandez,5/25/1993,USA,188,82,3,6
576,Alyssa,Cochran,3/21/1985,Spain,180,75,3,2
577,Dylan,Miller,10/22/1986,Germany,187,86,3,3
578,David,Mann,11/2/1982,Germany,193,78,3,4
579,Jason,Terry,2/16/1990,Australia,192,110,3,5
580,Shelley,Moore,6/11/1992,Australia,178,90,3,6
581,Kimberly,Taylor,12/12/1995,Spain,184,87,3,2
582,Jon,Andrews,3/22/1985,Germany,206,86,3,3
583,Joshua,Brown,10/8/1986,Australia,175,76,3,4
584,Richard,Manning,4/29/1994,Italy,186,94,4,5
585,Alan,Fletcher,4/24/1979,England,185,107,4,6
586,Rebecca,Moore,11/26/1987,Spain,195,96,4,2
587,Kyle,Anderson,11/17/1983,Canada,190,110,4,3
588,Victoria,Joyce,12/27/1985,Germany,207,98,4,4
589,Rebecca,Gonzales,10/2/1991,Italy,205,100,4,5
590,Adam,Martinez,6/30/1989,Brazil,181,109,4,6
591,Michelle,Wagner,11/24/1979,France,203,85,4,2
592,Lindsey,Cameron,12/7/1984,England,200,108,4,3
593,Kelly,Thomas,5/3/1995,France,188,84,4,4
594,Jacob,Wright,7/30/1991,Canada,185,78,4,5
595,Adam,Parks,12/8/1996,Germany,203,100,4,6
596,Lisa,Andrade,6/16/1989,Italy,184,103,4,2
597,Laura,Shaw,3/2/1979,Argentina,197,86,5,3
598,Matthew,Lewis,4/30/1980,England,175,92,5,4
599,Tracy,Cain,10/17/1989,Germany,203,81,5,5
600,John,Smith,5/25/1995,France,179,80,5,6
601,Becky,Allen,4/28/1980,USA,194,81,5,2
602,David,Anderson,5/20/1986,Australia,200,77,5,3
603,Eugene,Farrell,10/23/1989,Canada,189,90,5,4
604,Tiffany,Murphy,8/13/1988,France,195,95,5,5
605,Laura,Meyer,8/5/1982,Germany,179,83,5,6
606,Barbara,Rasmussen,2/13/1983,Italy,207,103,5,2
607,Eric,Reed,2/5/1987,Brazil,193,84,5,3
608,Donna,May,4/4/1988,France,207,87,5,4
609,Jennifer,Henderson,7/25/1995,Germany,179,94,5,5
610,Bryan,Guzman,9/7/1983,USA,184,88,6,6
611,Scott,Elliott,2/17/1995,France,174,107,6,2
612,Daniel,Gutierrez,12/6/1979,USA,180,98,6,3
613,Michael,Morgan,1/8/1985,Canada,185,101,6,4
614,David,Hall,12/29/1985,France,186,87,6,5
615,Sheila,Norris,5/7/1988,USA,193,99,6,6
616,Heidi,Dawson,3/22/1984,Canada,190,92,6,2
617,Andre,Mendez,2/19/1992,England,191,88,6,3
618,Cheryl,Arnold,5/26/1996,Spain,203,93,6,4
619,Dylan,Day,3/2/1982,France,173,95,6,5
620,Rachel,Gross,5/31/1992,Spain,181,96,6,6
621,Henry,Thompson,1/21/1992,Argentina,192,94,6,2
622,Kelly,Davidson,10/28/1991,Spain,174,97,6,3
623,Justin,Sutton,7/6/1984,England,196,101,7,4
624,Vincent,Thomas,2/8/1995,France,189,103,7,5
625,Alexis,Christensen,2/14/1986,Argentina,205,103,7,6
626,Annette,Soto,2/24/1993,Canada,192,85,7,2
627,Julie,Ward,6/10/1986,Brazil,196,110,7,3
628,Alexa,Davis,6/19/1995,Germany,179,107,7,4
629,David,Horton,4/1/1986,England,200,99,7,5
630,Tyler,Carter,4/16/1982,Argentina,201,101,7,6
631,Maria,Lewis,10/13/1984,USA,177,86,7,2
632,Ernest,Miller,12/11/1989,France,176,91,7,3
633,Angelica,Boone,9/20/1987,Italy,200,109,7,4
634,Nicholas,Lane,10/27/1995,Brazil,208,102,7,5
635,Laura,Cummings,10/8/1983,Italy,192,78,7,6
636,Cole,Petersen,5/14/1985,USA,198,82,8,2
637,Joseph,Williams,9/22/1985,Germany,204,109,8,3
638,Ryan,Jones,10/22/1987,Canada,210,97,8,4
639,Pamela,Lee,3/28/1991,Brazil,196,97,8,5
640,John,Allen,12/17/1982,USA,194,102,8,6
641,Jeremy,Lopez,11/27/1989,Canada,193,78,8,2
642,Albert,Williams,11/7/1988,Brazil,188,84,8,3
643,Ryan,Lopez,5/22/1982,England,201,82,8,4
644,Donald,Fisher,11/10/1982,Spain,200,96,8,5
645,Gina,Davis,9/29/1983,Italy,196,91,8,6
646,Sherry,Howard,8/10/1983,France,184,107,8,2
647,Lisa,Brooks,12/2/1989,Brazil,191,108,8,3
648,Kristina,Simpson,9/10/1980,Spain,189,104,8,4
649,Cynthia,Jones,10/24/1980,Australia,173,101,9,5
650,Jesus,Rojas,2/17/1996,Australia,187,90,9,6
651,James,Reid,3/24/1985,England,207,108,9,2
652,Adrian,Black,8/8/1989,Australia,191,110,9,3
653,Allison,Barr,6/5/1993,Canada,184,83,9,4
654,Dennis,Johnson,1/3/1996,England,210,84,9,5
655,Nicole,Ferrell,12/29/1992,Canada,210,102,9,6
656,Adam,Bennett,2/6/1988,Australia,195,107,9,2
657,Alexander,Rivera,9/19/1983,England,210,85,9,3
658,Ronald,Allen,7/8/1985,England,208,104,9,4
659,Shannon,Kim,9/27/1992,Canada,194,107,9,5
660,William,Rodriguez,6/27/1993,Italy,195,85,9,6
661,Julie,Martinez,7/25/1987,England,203,77,9,2
662,Michelle,Hoffman,7/27/1989,Australia,183,77,10,3
663,Laura,Smith,8/27/1993,Australia,172,85,10,4
664,Nicole,Wilson,8/6/1980,France,183,78,10,5
665,Nicholas,Brady,10/31/1983,France,176,105,10,6
666,Dawn,Flores,1/12/1984,Canada,203,92,10,2
667,Louis,Webb,6/12/1984,Argentina,201,88,10,3
668,Lori,Cobb,12/27/1992,Australia,196,92,10,4
669,Rodney,Hayes,1/8/1993,Germany,190,75,10,5
670,Margaret,Watkins,1/15/1987,Spain,184,91,10,6
671,Sarah,House,12/28/1985,Italy,185,106,10,2
672,Richard,Jordan,10/21/1992,France,177,104,10,3
673,Erik,Fletcher,8/28/1994,Spain,172,94,10,4
674,Cathy,Thomas,5/30/1990,Germany,204,102,10,5
675,Erica,Munoz,6/2/1992,Germany,206,81,11,6
676,Bryan,Morrison,9/15/1988,Australia,185,81,11,2
677,Jason,Solis,10/19/1979,Australia,198,76,11,3
678,Robert,Jones,6/29/1979,France,172,88,11,4
679,Jeffrey,Gibbs,6/19/1984,Australia,191,77,11,5
680,Charles,Oconnor,9/20/1985,France,177,107,11,6
681,Michael,Watson,10/7/1990,Brazil,203,99,11,2
682,Tamara,Williams,6/22/1990,England,182,78,11,3
683,Roy,Wells,11/2/1996,Spain,190,86,11,4
684,Rodney,Whitehead,12/12/1984,France,187,91,11,5
685,Maria,Jackson,10/21/1984,USA,173,106,11,6
686,John,Mills,9/16/1996,Canada,206,98,11,2
687,Jasmin,Townsend,8/1/1989,Spain,193,91,11,3
688,Julie,Hayes,10/18/1992,Brazil,204,87,12,4
689,Dustin,Smith,10/27/1985,Canada,180,102,12,5
690,Mark,Peterson,11/12/1979,Argentina,182,91,12,6
691,Amanda,Fitzgerald,5/18/1989,Spain,175,110,12,2
692,Deanna,Johnson,6/15/1992,Canada,177,101,12,3
693,Travis,Johnson,1/11/1994,Italy,191,79,12,4
694,Austin,Cortez,4/12/1985,Canada,184,109,12,5
695,Steven,Meyer,11/22/1996,Australia,183,91,12,6
696,Gerald,Terry,10/10/1982,USA,182,99,12,2
697,Joseph,Torres,7/3/1994,Spain,195,80,12,3
698,James,Miller,10/25/1985,Spain,210,101,12,4
699,Jonathan,Lyons,3/11/1987,Australia,200,84,12,5
700,Andrea,Vincent,4/17/1994,Spain,204,90,12,6
701,Sarah,Robinson,4/3/1983,France,176,79,13,2
702,Bradley,Guzman,10/13/1988,Spain,173,83,13,3
703,Justin,Delgado,12/26/1989,England,205,85,13,4
704,Mary,Smith,8/31/1988,Canada,207,81,13,5
705,Carlos,Hutchinson,3/15/1985,Germany,196,88,13,6
706,Joshua,Olson,12/18/1993,Argentina,188,78,13,2
707,Nancy,Gonzalez,9/29/1996,France,176,101,13,3
708,Julia,Roman,9/8/1986,Canada,188,101,13,4
709,Daniel,Roberts,10/6/1988,Italy,198,101,13,5
710,Patricia,Owens,6/20/1996,England,185,103,13,6
711,Lawrence,Cobb,8/16/1996,Italy,197,75,13,2
712,Paula,Powell,8/26/1993,Italy,198,78,13,3
713,Angela,Hurst,1/13/1981,Italy,189,107,13,4
714,Jack,Bell,7/28/1981,Australia,204,86,14,5
715,Brooke,Lane,6/18/1988,Canada,185,109,14,6
716,Diana,Rojas,5/24/1989,Germany,191,104,14,2
717,Brittany,Franklin,4/19/1981,Canada,188,108,14,3
718,Patrick,Santos,7/28/1985,Argentina,178,110,14,4
719,Julie,Avery,10/2/1986,France,178,85,14,5
720,Cathy,Stevens,6/30/1995,Italy,197,90,14,6
721,Amanda,Gonzalez,10/30/1987,Germany,181,94,14,2
722,Kristin,Wheeler,7/18/1995,Italy,207,91,14,3
723,Kayla,Bowers,9/28/1985,Brazil,210,77,14,4
724,James,Stevens,9/7/1991,England,206,81,14,5
725,Heather,Moore,11/30/1980,Spain,188,89,14,6
726,Thomas,Perez,8/10/1995,Canada,203,99,14,2
727,Kyle,Lee,1/15/1985,Australia,205,81,15,3
728,Sarah,Bryant,8/11/1988,USA,208,97,15,4
729,Cindy,Owen,9/5/1986,Australia,187,107,15,5
730,Timothy,Henderson,11/4/1995,Germany,192,82,15,6
731,Sarah,Mccall,1/31/1994,Canada,193,85,15,2
732,Kerry,Levine,8/31/1979,France,175,90,15,3
733,Ashley,Guzman,5/12/1985,France,187,109,15,4
734,Gary,Lyons,10/4/1994,Argentina,190,85,15,5
735,Amanda,Roy,11/7/1984,England,201,94,15,6
736,David,Mills,2/9/1982,Argentina,181,81,15,2
737,Jacob,Castillo,4/17/1979,Italy,208,97,15,3
738,Michelle,Foster,11/14/1996,Argentina,201,92,15,4
739,Kevin,Hill,10/30/1981,Spain,198,87,15,5
740,Robert,Browning,8/17/1981,Germany,172,86,16,6
741,Debra,Lee,1/3/1982,Spain,185,99,16,2
742,Craig,Ferguson,4/9/1990,Brazil,191,80,16,3
743,Catherine,Rose,5/4/1986,USA,182,77,16,4
744,Phillip,Wagner,5/3/1994,France,181,100,16,5
745,Frank,Crawford,5/6/1985,Spain,208,93,16,6
746,April,Patterson,5/17/1992,Brazil,188,84,16,2
747,Christina,Strickland,9/20/1985,Germany,185,102,16,3
748,Tanner,Avila,1/9/1995,France,176,80,16,4
749,Michael,Ramirez,4/26/1987,Germany,174,99,16,5
750,Kelly,Price,7/26/1987,Argentina,207,110,16,6
751,Tony,Shepard,5/12/1994,Argentina,187,107,16,2
752,Peter,Davis,9/19/1996,Germany,182,92,16,3
753,Shirley,Gutierrez,10/11/1983,USA,191,103,17,4
754,Janet,Hart,7/18/1993,Spain,180,83,17,5
755,Amanda,Cole,12/30/1993,USA,202,103,17,6
756,Luis,Stanley,12/3/1985,Spain,201,78,17,2
757,Dawn,Terrell,1/22/1979,Spain,208,101,17,3
758,Karen,Mata,4/7/1994,England,174,82,17,4
759,Pamela,Clayton,3/19/1993,USA,189,75,17,5
760,Eugene,Diaz,5/4/1988,Argentina,186,99,17,6
761,April,Hall,12/24/1982,Argentina,192,105,17,2
762,Joshua,Suarez,11/16/1992,England,204,76,17,3
763,Stephen,Stanley,7/31/1984,Canada,174,94,17,4
764,Benjamin,Logan,1/12/1989,Spain,209,95,17,5
765,Tiffany,Stokes,1/10/1983,Canada,182,103,17,6
766,Matthew,Lee,4/29/1990,Canada,192,100,18,2
767,Tyler,Howell,12/20/1985,Brazil,196,97,18,3
768,Marcia,Wright,9/23/1985,France,205,78,18,4
769,Taylor,Leon,10/10/1987,England,188,86,18,5
770,Anna,Carey,7/12/1986,Argentina,184,99,18,6
771,Shelia,Jackson,12/4/1989,Spain,197,93,18,2
772,Lisa,Padilla,12/28/1995,Argentina,188,102,18,3
773,Jesse,Torres,4/27/1990,Argentina,208,93,18,4
774,Lynn,Rich,11/22/1993,Germany,174,95,18,5
775,Jessica,Zimmerman,10/30/1994,Italy,209,109,18,6
776,Michael,Morgan,12/8/1990,Spain,181,86,18,2
777,Karen,Price,9/25/1993,England,182,76,18,3
778,Matthew,Moreno,5/16/1986,Canada,188,109,18,4
779,Leslie,Mcconnell,3/9/1990,France,197,84,19,5
780,Anthony,Gray,8/21/1996,Brazil,196,107,19,6
781,Victor,Young,3/31/1984,England,208,75,19,2
782,Tammy,Frank,1/21/1993,Argentina,208,97,19,3
783,Heidi,Gonzalez,12/9/1986,England,173,86,19,4
784,Jeanette,Wise,1/4/1981,France,183,102,19,5
785,Heidi,Young,10/2/1996,USA,182,94,19,6
786,Melanie,Chan,5/26/1986,Italy,201,99,19,2
787,Renee,Berg,2/1/1988,Spain,194,100,19,3
788,Kimberly,Clark,10/13/1980,Italy,174,77,19,4
789,Keith,York,3/2/1992,Italy,197,85,19,5
790,Kendra,Ferguson,8/6/1994,USA,185,108,19,6
791,Michael,Hernandez,1/22/1982,USA,174,75,19,2
792,Melissa,Ramirez,1/18/1987,Canada,178,85,20,3
793,Bianca,Campbell,9/28/1979,France,203,101,20,4
794,Ronnie,Hughes,3/12/1991,England,181,101,20,5
795,Melinda,Chavez,6/22/1979,Brazil,182,80,20,6
796,Kristen,Gutierrez,12/8/1987,Italy,175,109,20,2
797,Scott,Rodriguez,6/14/1994,Australia,185,92,20,3
798,Jared,Galloway,7/1/1994,Argentina,190,101,20,4
799,Bobby,Johnson,8/21/1989,Argentina,202,100,20,5
800,Phillip,Parrish,2/4/1995,Italy,192,105,20,6
801,Jason,Rangel,10/16/1981,Canada,185,95,20,2
802,David,Ortiz,1/9/1985,Argentina,205,96,20,3
803,Mary,Smith,3/6/1987,Australia,201,95,20,4
804,Nicole,Schaefer,4/3/1980,Germany,200,88,20,5
805,Sandra,Hill,2/24/1981,Brazil,172,90,21,6
806,Ryan,Burton,3/9/1986,Argentina,187,110,21,2
807,Emily,Armstrong,7/20/1985,Australia,208,77,21,3
808,Angela,Turner,6/12/1991,Canada,201,79,21,4
809,Kimberly,Phelps,11/18/1991,Argentina,173,108,21,5
810,Philip,Castro,1/21/1983,Brazil,193,106,21,6
811,Gregory,Ryan,7/14/1981,Italy,180,77,21,2
812,Dawn,Nelson,1/17/1987,Argentina,181,97,21,3
813,Carrie,Lee,1/4/1984,England,202,97,21,4
814,Anthony,Kelly,7/10/1991,Canada,189,95,21,5
815,Lonnie,Spence,3/14/1981,USA,183,77,21,6
816,Aaron,Curtis,6/15/1988,England,205,76,21,2
817,Bruce,Miller,10/7/1993,Spain,172,87,21,3
818,Amanda,Jackson,5/16/1990,Canada,201,106,22,4
819,Melissa,Ryan,2/14/1990,Canada,172,90,22,5
820,Nicholas,Wallace,3/21/1981,Canada,204,90,22,6
821,Gregory,Jordan,1/14/1982,Canada,205,100,22,2
822,Jacqueline,Anderson,6/2/1986,Australia,188,76,22,3
823,Amanda,Brown,4/15/1988,Argentina,199,95,22,4
824,Tiffany,Jackson,4/15/1980,Australia,180,97,22,5
825,Tiffany,Koch,7/8/1980,Canada,188,88,22,6
826,Diana,Kennedy,10/7/1989,England,189,83,22,2
827,Jerry,Eaton,12/4/1990,USA,210,102,22,3
828,Brittney,Rodriguez,12/20/1980,Italy,192,100,22,4
829,Leonard,Roberts,2/5/1982,Argentina,208,76,22,5
830,Jeffrey,Johnson,4/16/1989,Brazil,198,95,22,6
831,Charlene,Richards,7/27/1983,Germany,192,93,23,2
832,Pamela,Castillo,8/2/1986,France,186,105,23,3
833,Michele,Walsh,6/26/1994,Spain,185,96,23,4
834,Jonathan,Pham,11/3/1989,Germany,205,105,23,5
835,Richard,Chapman,10/5/1990,France,197,84,23,6
836,Tracy,Ellis,8/23/1991,France,175,87,23,2
837,Clifford,Trujillo,4/11/1979,USA,177,81,23,3
838,Kelsey,Hudson,1/29/1993,Spain,181,100,23,4
839,Debra,Gutierrez,1/24/1990,Germany,172,78,23,5
840,Patty,Harris,7/6/1991,France,185,110,23,6
841,Heather,Patel,7/19/1992,Germany,180,99,23,2
842,Rachel,Washington,9/12/1990,Brazil,210,102,23,3
843,Craig,Carpenter,10/24/1983,Germany,196,79,24,4
844,Ronald,Rodriguez,9/26/1993,England,181,106,24,5
845,Edward,White,5/6/1988,France,195,90,24,6
846,Jill,Summers,8/3/1986,Canada,199,101,24,2
847,Vanessa,Davis,1/25/1996,Germany,181,102,24,3
848,William,Sanchez,8/7/1981,Australia,196,90,24,4
849,William,Gray,1/15/1982,Canada,187,97,24,5
850,David,Shea,9/6/1990,Brazil,178,100,24,6
851,Roberta,Ward,5/25/1992,Italy,181,81,24,2
852,Angelica,Cox,10/16/1979,England,200,86,24,3
853,Christine,Keller,6/17/1982,Spain,191,89,24,4
854,Douglas,Moran,5/10/1990,Canada,203,101,24,5
855,Pamela,Ramos,5/20/1992,Australia,206,94,25,6
856,Bradley,Price,12/16/1993,France,191,100,25,2
857,Frank,Diaz,12/19/1984,France,198,106,25,3
858,Crystal,Garcia,3/28/1979,England,199,85,25,4
859,Rachel,Hamilton,7/22/1992,USA,210,97,25,5
860,William,Barrett,4/19/1986,Spain,177,100,25,6
861,Michael,Johnson,3/1/1983,Italy,175,104,25,2
862,Jaime,Shepard,8/22/1985,Canada,199,103,25,3
863,Rebekah,Meyers,9/4/1994,USA,201,105,25,4
864,Samantha,Harmon,2/24/1984,France,174,90,25,5
865,Lori,Ray,11/26/1993,France,177,77,25,6
866,Cheryl,Bell,1/22/1991,Argentina,205,75,25,2
867,Tina,Mays,10/9/1995,Spain,193,101,26,3
868,Antonio,Sanders,2/22/1991,Spain,204,76,26,4
869,Stephen,West,8/23/1983,Italy,207,85,26,5
870,Kristin,Miller,3/15/1985,Italy,179,80,26,6
871,Matthew,Morris,6/26/1986,Italy,173,77,26,2
872,Colton,Barnes,8/18/1984,Canada,182,77,26,3
873,Jeremy,Cooper,9/2/1986,France,185,79,26,4
874,Eric,Hawkins,10/7/1991,Canada,196,82,26,5
875,Jesse,Turner,5/7/1984,France,200,85,26,6
876,Tiffany,Madden,11/14/1980,Canada,208,99,26,2
877,Malik,Curry,3/19/1984,Argentina,206,96,26,3
878,Curtis,Harrison,10/5/1980,Australia,178,96,26,4
879,John,Glover,5/2/1983,Spain,205,88,27,5
880,Steven,Jones,2/25/1996,Germany,191,106,27,6
881,Martin,Stafford,5/28/1996,France,196,99,27,2
882,Regina,Hill,11/26/1987,USA,188,93,27,3
883,Tina,Carpenter,7/2/1984,Canada,194,109,27,4
884,Aaron,Rodriguez,8/23/1994,Germany,193,91,27,5
885,Joseph,Madden,2/8/1985,Australia,177,106,27,6
886,Tiffany,Dean,5/11/1996,Argentina,199,78,27,2
887,Ashley,Shelton,11/22/1992,France,180,78,27,3
888,Stephanie,Moore,1/12/1981,Australia,185,97,27,4
889,Ronald,Davis,6/12/1983,Brazil,206,76,27,5
890,Daniel,Barton,2/10/1995,Brazil,181,106,27,6
891,Rebecca,Brown,5/28/1989,USA,206,97,28,2
892,Joshua,Moore,7/30/1985,Germany,204,75,28,3
893,Ronald,Romero,8/12/1996,Australia,187,97,28,4
894,Donald,Graham,9/23/1980,Argentina,200,101,28,5
895,Brittany,Rowland,8/8/1981,USA,194,80,28,6
896,Franklin,Austin,6/12/1981,Argentina,188,82,28,2
897,David,Cantu,6/13/1996,Canada,203,78,28,3
898,Eric,Brewer,3/23/1981,USA,190,108,28,4
899,Michael,Williams,9/5/1983,Argentina,183,91,28,5
900,Joel,Wilson,11/21/1980,France,177,89,28,6
901,Tracy,Armstrong,8/3/1989,Spain,195,108,28,2
902,Riley,Herman,4/5/1991,Germany,208,77,28,3
903,Kenneth,Carr,5/7/1987,Italy,191,86,29,4
904,Susan,Barton,2/25/1996,Canada,189,83,29,5
905,Samuel,Velez,9/30/1995,Brazil,182,102,29,6
906,Joanne,Anderson,4/26/1985,Spain,199,85,29,2
907,Laura,Henderson,11/19/1982,Germany,193,78,29,3
908,Connie,Smith,5/12/1982,Brazil,197,109,29,4
909,Chad,Perkins,9/8/1990,USA,172,85,29,5
910,Melanie,Mason,10/23/1990,France,196,76,29,6
911,Connie,Rodriguez,3/17/1983,USA,176,85,29,2
912,Michelle,Ray,6/23/1984,Germany,180,76,29,3
913,Gregory,Ferguson,12/13/1996,France,198,87,29,4
914,Pamela,Pugh,9/4/1995,Canada,195,95,29,5
915,Leah,Oliver,5/7/1988,France,204,79,30,6
916,Rachael,Cannon,11/24/1993,Canada,199,110,30,2
917,Philip,Torres,7/9/1987,France,203,101,30,3
918,Amber,Hall,7/16/1992,Canada,192,77,30,4
919,Michael,Phillips,3/13/1989,Argentina,191,102,30,5
920,John,Munoz,1/28/1996,Germany,186,88,30,6
921,Tiffany,Harding,1/28/1985,Australia,207,110,30,2
922,Teresa,James,5/13/1979,USA,177,107,30,3
923,Christopher,Gillespie,9/21/1979,Spain,202,101,30,4
924,Laura,Wilkins,3/8/1983,USA,190,109,30,5
925,Elizabeth,Underwood,9/6/1983,Canada,186,88,30,6
926,Jodi,Nichols,4/14/1986,Argentina,187,100,30,2
927,Bryan,Lawrence,4/11/1987,Brazil,190,109,31,3
928,Ronald,Obrien,5/5/1980,Italy,185,94,31,4
929,James,Hansen,12/17/1983,Argentina,209,108,31,5
930,Kurt,Medina,12/20/1993,Australia,176,92,31,6
931,Jennifer,Smith,9/27/1989,Canada,201,103,31,2
932,Laura,Turner,10/9/1984,Argentina,193,105,31,3
933,Anne,Williams,7/4/1994,Germany,181,96,31,4
934,Brian,Singh,1/5/1984,USA,177,90,31,5
935,Joshua,Horn,5/13/1985,Spain,202,106,31,6
936,Kyle,Montgomery,4/11/1984,Spain,185,93,31,2
937,Lorraine,Garza,7/20/1980,France,172,103,31,3
938,Tracy,Tate,2/19/1994,USA,183,76,31,4
939,Alexis,Williams,7/5/1984,Spain,208,100,32,5
940,Kerry,Collins,5/2/1992,France,197,75,32,6
941,Robert,Walsh,2/25/1983,Brazil,184,90,32,2
942,Randall,Frank,7/27/1991,Argentina,185,95,32,3
943,Michele,Cox,1/2/1996,Argentina,207,102,32,4
944,Alex,Ward,3/29/1994,Australia,187,98,32,5
945,Barbara,Beasley,12/26/1991,Germany,206,92,32,6
946,Keith,Frazier,5/10/1992,Australia,192,105,32,2
947,Gregory,Carter,6/28/1992,England,210,81,32,3
948,Melissa,Hooper,9/16/1982,Australia,210,99,32,4
949,Samantha,Cordova,10/8/1986,Brazil,172,107,32,5
950,Dennis,Hoffman,1/8/1992,Canada,209,98,32,6
